	IBM	IBM	IBM	IBM	IBM	INTC	INTC	INTC	INTC	INTC	MSFT	MSFT	MSFT	MSFT	MSFT	ORCL	ORCL	ORCL	ORCL	ORCL
	open	high	low	close	volume	open	high	low	close	volume	open	high	low	close	volume	open	high	low	close	volume
time																				
2019-01-02 00:00:00-05:00	112.01	115.98	111.69	114.84	3157499	45.96	47.47	45.77	47.0194	14228698	99.55	101.75	98.94	101.01	26692255	44.48	45.34	44.45	45.115	10408118
2019-01-03 00:00:00-05:00	114.53	114.88	112.9	113.14	3235834	46.15	46.28	44.535	44.61	25762964	100.0	100.185	97.4	97.5	34611003	44.75	45.5	44.41	44.855	17520887
2019-01-04 00:00:00-05:00	114.91	117.49	114.44	117.28	3720470	45.835	47.57	45.54	47.18	28447250	99.72	102.51	98.93	101.775	35976325	45.37	46.95	45.25	46.715	16619435
2019-01-07 00:00:00-05:00	117.5	118.83	116.67	118.23	3186444	47.1	47.995	46.75	47.525	16202761	101.64	103.2681	100.98	102.15	28570376	46.93	48.105	46.47	47.4601	15855305
2019-01-08 00:00:00-05:00	119.66	120.57	118.98	119.87	3828313	47.8	48.03	46.78	47.725	18805775	103.04	103.97	101.7134	102.73	25193769	47.93	48.36	47.2	47.85	14091247
2019-01-09 00:00:00-05:00	120.91	121.4	119.87	120.62	3001925	47.96	48.57	47.78	47.97	17386573	103.86	104.88	103.2445	104.25	27578681	46.64	48.23	46.61	47.79	15529862
2019-01-10 00:00:00-05:00	120.08	121.86	119.95	121.68	3090987	47.75	48.65	47.41	48.51	18339139	103.22	103.66	102.38	103.57	23141246	47.38	47.98	46.88	47.74	14073500
2019-01-11 00:00:00-05:00	121.58	121.615	120.2	121.31	2802725	48.1	49.291	48.05	48.86	16742369	102.95	103.44	101.64	102.81	23708629	47.67	48.6197	47.37	48.255	13670547
2019-01-14 00:00:00-05:00	120.51	120.6548	119.7607	120.47	4164039	48.55	48.83	48.3	48.4201	10953974	101.9	102.8716	101.26	102.12	19299980	47.85	48.34	47.62	48.065	11708003
2019-01-15 00:00:00-05:00	120.96	121.93	120.82	121.66	3032787	48.71	49.13	48.44	48.54	19174034	102.51	105.05	101.88	104.78	26725036	47.47	48.525	47.41	48.3399	11046783
2019-01-16 00:00:00-05:00	121.58	122.0	120.83	121.6	3157451	48.6	48.89	48.12	48.13	13183521	105.26	106.255	104.96	105.39	24069834	48.58	48.785	48.05	48.075	11512117
2019-01-17 00:00:00-05:00	120.56	122.4085	120.55	122.09	3878633	48.0	48.84	47.905	48.46	13819492	105.0	106.625	104.76	106.1	22660985	48.01	48.91	47.81	48.5799	11078071
2019-01-18 00:00:00-05:00	123.27	124.7175	122.71	123.76	4971438	49.11	49.38	48.69	49.06	24295092	107.46	107.9	105.92	107.6	34864877	48.94	49.54	48.87	49.245	13863678
2019-01-22 00:00:00-05:00	123.3	123.8	121.54	121.86	6648352	48.96	48.98	47.87	48.16	17347373	106.75	107.1	104.86	105.315	23461439	48.84	49.17	48.66	48.815	10712763
2019-01-23 00:00:00-05:00	131.37	135.0	130.31	132.86	20479153	48.41	48.8	47.52	47.885	14951647	106.2	107.04	105.34	106.54	21504900	49.19	49.48	48.83	49.305	11173785
2019-01-24 00:00:00-05:00	132.63	133.2054	131.43	132.55	5478346	48.7	50.035	48.6	49.8449	37960590	106.86	107.0	105.34	106.23	20135205	49.26	49.43	48.87	49.2	9791312
2019-01-25 00:00:00-05:00	132.87	134.44	132.43	133.985	5039821	46.85	47.43	45.75	47.02	75004898	107.24	107.88	106.59	106.95	24504900	49.6	49.9	49.45	49.79	13101865
2019-01-28 00:00:00-05:00	133.1	134.805	132.58	134.3025	4193014	46.13	46.73	46.05	46.69	26940507	106.26	106.48	104.66	105.015	25364435	49.45	49.73	49.21	49.505	9815761
2019-01-29 00:00:00-05:00	134.29	135.4149	133.6	134.37	4074414	46.78	46.97	46.33	46.52	15953335	104.88	104.97	102.17	102.89	27146195	49.39	49.92	49.19	49.595	9687176
2019-01-30 00:00:00-05:00	134.0	135.03	133.25	134.42	3877857	46.68	47.68	46.45	47.47	18590824	104.62	106.36	104.33	106.28	33864443	49.86	50.5	49.6	50.35	11923316
2019-01-31 00:00:00-05:00	134.45	134.716	133.74	134.48	3256353	46.7	47.18	46.1	47.09	33649329	103.8	105.22	103.18	104.4575	44935530	50.24	50.5	50.07	50.235	13143092
2019-02-01 00:00:00-05:00	134.97	135.2	133.35	134.02	3166906	47.05	49.05	47.01	48.72	30437403	103.775	104.0999	102.35	102.625	26737879	50.52	51.095	50.29	50.74	12352093
2019-02-04 00:00:00-05:00	134.02	135.15	132.99	135.11	3235624	48.62	49.22	48.24	49.175	16735013	102.87	105.77	102.77	105.62	23658120	50.38	51.25	50.38	50.99	10631804
2019-02-05 00:00:00-05:00	135.28	135.82	134.92	135.33	3025630	49.18	50.7159	49.18	50.005	26444761	106.06	107.27	105.96	107.11	20654191	51.17	51.37	50.885	51.235	9314345
2019-02-06 00:00:00-05:00	135.22	136.65	135.17	136.305	4262705	49.95	50.64	49.82	50.01	17590695	107.0	107.0	105.53	106.06	16159849	51.19	51.49	50.97	51.255	7877893
2019-02-07 00:00:00-05:00	133.55	134.47	132.12	133.0	3858795	49.5	49.85	48.68	49.255	22602745	105.185	105.59	104.29	105.19	21525386	50.79	50.985	50.17	50.2	12798847
2019-02-08 00:00:00-05:00	132.34	133.65	132.19	133.515	2336759	48.77	49.02	48.01	48.775	15512722	104.39	105.43	104.2603	105.42	16338977	50.09	50.98	49.82	50.94	8988520
2019-02-11 00:00:00-05:00	134.29	135.15	133.91	134.05	2373146	49.02	49.32	48.58	48.79	14307322	106.2	106.58	104.965	105.255	14633052	50.96	51.475	50.95	51.19	7588525
2019-02-12 00:00:00-05:00	135.15	136.2	134.86	135.97	2787754	49.36	50.14	49.27	50.005	13770858	106.14	107.14	105.48	106.835	20510887	51.46	51.55	51.19	51.2	11525149
2019-02-13 00:00:00-05:00	136.92	137.92	136.41	137.55	3548753	50.13	50.81	50.0	50.42	14587710	107.5	107.78	106.75	106.785	14473482	51.25	51.55	50.95	51.35	9022243
2019-02-14 00:00:00-05:00	137.17	137.6019	136.21	136.61	2317230	50.41	51.04	50.35	50.8699	14968810	106.31	107.29	105.66	106.96	17159054	51.24	51.75	51.09	51.5	9605602
2019-02-15 00:00:00-05:00	137.58	138.185	137.385	138.115	2987098	51.25	51.67	51.09	51.615	19038425	107.91	108.3	107.3624	108.13	25025029	51.13	51.7	51.07	51.655	11097657
2019-02-19 00:00:00-05:00	137.81	138.66	137.36	138.6	2643269	51.35	51.71	51.35	51.375	12630835	107.79	108.66	107.78	108.13	15253556	51.48	52.18	51.24	52.03	10282839
2019-02-20 00:00:00-05:00	138.76	139.24	137.2203	138.03	2987925	51.63	51.73	51.06	51.41	16811274	107.86	107.94	106.29	107.2	17187539	52.0	52.205	51.5	51.7801	10588306
2019-02-21 00:00:00-05:00	137.82	138.35	137.35	137.84	2378224	51.32	51.84	51.21	51.41	13927120	106.9	109.48	106.87	109.44	25915604	51.63	52.35	51.51	52.13	12015960
2019-02-22 00:00:00-05:00	138.73	139.38	135.8867	139.26	2550453	52.7	52.975	52.055	52.5	27841915	110.05	111.2	109.82	110.965	23375592	52.39	52.6	52.2	52.49	9543591
2019-02-25 00:00:00-05:00	140.0	140.47	139.32	139.43	2568886	53.06	53.61	52.86	53.1	18099838	111.76	112.18	111.26	111.59	20242749	52.75	53.03	52.46	52.56	11292227
2019-02-26 00:00:00-05:00	139.67	140.49	139.47	139.73	2503506	53.06	53.37	52.91	53.22	13488254	111.26	113.24	111.17	112.36	18277715	52.46	52.88	52.2401	52.61	9803100
2019-02-27 00:00:00-05:00	139.25	139.57	138.4007	139.17	2069167	52.76	53.38	52.51	53.24	15077956	111.69	112.36	110.88	112.19	17875661	52.52	52.64	52.26	52.39	9630237
2019-02-28 00:00:00-05:00	138.77	139.055	137.72	138.12	2491453	52.92	53.18	52.81	52.98	12478199	112.04	112.88	111.73	112.05	19840129	52.2	52.51	52.045	52.15	17228394
2019-03-01 00:00:00-05:00	139.31	140.04	138.64	139.24	2599132	53.44	53.68	52.89	53.3	14749894	112.89	113.02	111.665	112.52	17168519	52.5	52.73	52.37	52.51	13610988
2019-03-04 00:00:00-05:00	139.99	140.08	137.17	138.5	2661391	53.75	54.1	53.205	53.94	17934389	113.02	113.25	110.8	112.28	22345599	52.67	52.845	51.57	52.05	13401186
2019-03-05 00:00:00-05:00	138.37	138.74	137.555	137.93	2294815	53.85	53.99	53.11	53.68	18038517	112.25	112.39	111.23	111.68	13496616	52.04	52.5868	52.015	52.37	12320598
2019-03-06 00:00:00-05:00	138.12	138.3892	136.72	136.98	2351341	53.63	53.65	52.94	52.96	12946575	111.87	112.66	111.43	111.74	15184072	52.31	52.75	52.13	52.34	11608944
2019-03-07 00:00:00-05:00	136.61	136.89	134.6343	135.36	3620255	52.77	52.985	52.36	52.61	14625548	111.4	111.55	109.865	110.38	18259392	52.2	53.13	52.19	52.58	14984787
2019-03-08 00:00:00-05:00	134.21	135.24	133.58	135.04	3403794	51.97	52.56	51.7	52.49	14401580	109.16	110.71	108.8	110.52	18892798	52.35	52.78	52.13	52.77	11792826
2019-03-11 00:00:00-04:00	136.03	137.73	135.84	137.72	3259440	52.88	53.65	52.57	53.33	14177739	110.99	112.95	110.98	112.83	19241941	51.94	53.175	51.905	52.67	17491776
2019-03-12 00:00:00-04:00	138.52	139.695	137.86	138.31	3129303	53.34	53.96	53.175	53.58	15087344	112.86	113.99	112.6499	113.64	20681885	52.67	53.29	52.58	52.81	15249143
2019-03-13 00:00:00-04:00	138.05	139.325	137.85	138.54	2527881	54.0	54.57	53.65	54.37	20692158	114.13	115.0	113.78	114.51	20619125	53.06	53.47	52.74	53.08	16401237
2019-03-14 00:00:00-04:00	138.51	138.94	138.06	138.8	2128895	54.3	54.45	53.33	53.39	20635150	114.54	115.2	114.33	114.57	16713862	52.98	53.395	52.85	53.04	20579828
2019-03-15 00:00:00-04:00	139.62	140.33	139.37	139.43	2350040	54.325	54.69	54.16	54.3	17076940	115.69	117.25	114.59	115.9	23202509	52.2647	53.39	51.96	52.94	23914549
2019-03-18 00:00:00-04:00	139.83	140.365	138.72	140.25	2710201	54.42	54.505	53.87	54.09	12939541	116.17	117.61	116.05	117.59	21942113	52.87	53.96	52.78	53.465	18742544
2019-03-19 00:00:00-04:00	141.37	141.7024	140.002	140.56	2172227	54.47	54.645	54.0	54.19	13300523	118.09	118.44	116.99	117.7	25475440	53.98	54.375	53.88	54.04	13748946
2019-03-20 00:00:00-04:00	140.53	140.7	138.98	139.62	2817002	54.1	54.4	53.61	53.8	20156842	117.45	118.75	116.71	117.52	21986538	53.89	54.19	52.505	52.63	22458058
2019-03-21 00:00:00-04:00	139.1	142.12	138.88	141.47	2813043	53.81	54.99	53.81	54.62	13735924	117.16	120.82	117.09	120.64	22834181	52.63	54.05	52.35	54.045	14597469
2019-03-22 00:00:00-04:00	140.97	141.44	138.9	139.47	3148842	54.4	54.615	53.21	53.26	16912214	119.5	119.59	117.04	117.05	26750164	53.62	53.88	52.74	52.78	14853161
2019-03-25 00:00:00-04:00	139.06	139.91	138.35	139.21	2330469	52.97	53.545	52.375	52.78	14270770	116.56	118.01	116.3224	117.65	22936587	52.56	52.94	52.234	52.72	10797238
2019-03-26 00:00:00-04:00	139.93	141.02	139.42	140.22	2010155	53.32	53.77	53.04	53.44	15585786	118.62	118.705	116.85	117.93	22681905	53.29	53.54	53.06	53.28	9765776
2019-03-27 00:00:00-04:00	140.41	140.49	138.4	139.24	2384193	53.59	53.86	52.94	53.16	16770807	117.875	118.21	115.5215	116.77	18543485	53.28	53.65	52.31	52.81	11273632
2019-03-28 00:00:00-04:00	139.91	140.44	139.1	139.95	1902938	53.25	53.44	52.77	53.11	11266736	117.44	117.58	116.13	116.94	15494458	53.0	53.295	52.79	53.19	8046443
2019-03-29 00:00:00-04:00	140.5	141.22	140.15	141.11	2089404	53.8	54.04	53.48	53.71	13757686	118.07	118.32	116.96	117.95	16128389	53.47	53.735	53.25	53.72	8383865
2019-04-01 00:00:00-04:00	141.51	143.41	141.51	143.26	1402690	54.34	54.57	54.1	54.51	5960765	118.95	119.1085	118.1	119.02	8128294	53.88	54.65	53.85	54.58	5812776
2019-04-02 00:00:00-04:00	143.35	143.95	142.6	143.0	2058256	54.53	54.8	54.225	54.35	10973298	119.06	119.48	118.52	119.18	13361925	54.41	54.5	53.88	54.14	9332558
2019-04-03 00:00:00-04:00	143.65	144.22	143.01	143.6	2322050	55.03	55.99	54.89	55.46	20886904	119.86	120.43	119.15	119.97	17563298	54.16	54.39	53.855	54.05	9504398
2019-04-04 00:00:00-04:00	143.62	144.14	142.54	142.77	2466062	55.27	56.14	55.27	55.93	13801310	120.1	120.23	118.38	119.33	17625872	53.86	54.15	53.41	53.81	8611118
2019-04-05 00:00:00-04:00	143.29	143.5	142.46	143.28	2373404	55.75	55.95	54.87	55.61	16317864	119.39	120.23	119.37	119.88	13035577	53.74	54.19	53.74	53.93	7750362
2019-04-08 00:00:00-04:00	143.02	143.42	142.87	143.36	1804891	55.28	55.74	55.2	55.67	9785690	119.81	120.02	118.64	119.89	12337365	53.73	53.925	53.33	53.73	8073518
2019-04-09 00:00:00-04:00	142.66	142.95	141.84	142.21	2517950	55.35	55.43	54.9	55.32	11159243	118.63	119.54	118.58	119.31	14437011	53.5	54.1	53.47	53.85	8731744
2019-04-10 00:00:00-04:00	142.2	143.495	141.98	143.04	2008634	55.32	55.86	55.32	55.76	11153085	119.76	120.35	119.54	120.22	12397296	53.62	54.16	53.6	53.98	7210488
2019-04-11 00:00:00-04:00	143.8	144.11	143.03	143.77	2468005	55.76	56.07	55.63	55.79	9102520	120.54	120.85	119.92	120.33	12121919	54.05	54.19	53.52	53.79	7239716
2019-04-12 00:00:00-04:00	144.26	144.44	143.7	144.35	2271173	56.21	56.49	55.84	56.41	10098533	120.64	120.98	120.37	120.96	15152387	54.1	54.5	53.87	54.49	7090475
2019-04-15 00:00:00-04:00	144.4	144.4597	143.27	143.92	2729658	56.46	56.555	55.92	56.28	8940187	120.94	121.58	120.57	121.06	12425436	54.5	54.75	54.31	54.625	6537323
2019-04-16 00:00:00-04:00	144.4	145.39	144.02	145.14	5459617	56.66	57.47	56.07	56.73	26932164	121.64	121.65	120.1	120.79	12160306	54.67	54.91	54.325	54.59	6483874
2019-04-17 00:00:00-04:00	137.37	141.98	136.26	139.08	11627263	58.44	59.59	58.12	58.57	32837837	121.24	121.85	120.54	121.75	16079497	54.68	54.83	54.39	54.46	6360724
2019-04-18 00:00:00-04:00	139.0	140.49	138.7	140.33	3958158	58.71	58.88	58.1238	58.51	18451305	122.22	123.52	121.3018	123.37	26027150	54.44	54.67	54.2259	54.52	6704966
2019-04-22 00:00:00-04:00	139.42	140.56	138.48	138.87	3351003	58.15	58.83	57.88	58.83	9814041	122.62	124.0	122.57	123.76	13019059	54.4	54.68	54.2	54.63	5697519
2019-04-23 00:00:00-04:00	139.15	140.92	138.9399	140.41	3072818	58.89	58.98	58.5	58.77	14395646	124.1	128.28	123.83	125.44	20090478	54.75	55.14	54.72	54.95	8779680
2019-04-24 00:00:00-04:00	140.6	141.31	139.78	139.95	2019686	58.52	59.2899	58.14	58.71	14637329	125.79	125.85	124.52	125.09	21670672	55.0	55.53	54.96	55.17	7337706
2019-04-25 00:00:00-04:00	139.7	139.7482	137.71	138.65	2373932	58.3	58.38	57.23	57.59	20452844	130.06	131.37	128.83	129.08	33687312	55.15	55.22	54.58	55.01	7331724
2019-04-26 00:00:00-04:00	139.34	139.89	138.81	139.43	1939988	52.74	53.09	51.52	52.43	65533631	129.7	130.5152	129.02	129.89	19067688	55.22	55.49	55.01	55.4	6322026
2019-04-29 00:00:00-04:00	139.15	139.63	138.81	139.09	1945437	52.17	52.43	51.0	51.11	35269308	129.9	130.18	129.35	129.74	13768507	55.29	55.49	55.08	55.09	5663505
2019-04-30 00:00:00-04:00	139.11	140.44	138.68	140.26	2712377	51.0	51.43	50.87	51.03	20683417	129.81	130.7	129.3947	130.58	19549110	55.06	55.38	54.835	55.3	8399292
2019-05-01 00:00:00-04:00	140.55	141.81	140.17	140.57	2599918	51.1	51.6	50.74	50.76	17763562	130.53	130.65	127.7	127.8768	23607029	55.32	55.415	54.8	54.89	6592448
2019-05-02 00:00:00-04:00	140.5	141.28	139.41	139.64	2729143	50.8	51.325	50.12	50.56	20129326	127.98	128.0	125.52	126.2	24625810	54.81	55.05	54.46	54.62	8366860
2019-05-03 00:00:00-04:00	139.7	141.0	139.63	140.28	1967352	51.08	51.82	50.73	51.74	22468297	127.36	129.43	127.25	128.89	21930200	54.8	55.02	54.67	54.78	8738939
2019-05-06 00:00:00-04:00	138.3	140.69	137.9	140.4	2198347	50.25	51.28	50.19	51.23	19901942	126.39	128.56	126.11	128.16	19544222	53.9	55.0	53.83	54.86	7568489
2019-05-07 00:00:00-04:00	139.15	139.51	136.19	137.62	4056178	50.6	50.88	49.93	50.5	25434260	126.46	127.18	124.22	125.57	29045897	54.2	54.64	53.654	54.02	10232037
2019-05-08 00:00:00-04:00	137.77	138.7	137.13	138.0	2821862	50.2	50.79	49.07	49.2	31424925	125.44	126.37	124.75	125.44	20819937	54.35	54.43	53.81	54.002	9088145
2019-05-09 00:00:00-04:00	134.89	135.5848	133.03	135.3295	3234633	47.9	48.29	46.05	46.62	55013197	124.29	125.79	123.57	125.51	23111514	53.46	54.35	53.08	54.24	9742307
2019-05-10 00:00:00-04:00	134.88	135.75	132.42	135.34	3404234	46.44	46.8	45.1	46.22	38284231	124.91	127.93	123.82	127.19	26418546	53.77	54.965	53.51	54.69	10080784
2019-05-13 00:00:00-04:00	133.28	133.57	130.96	131.405	3593432	45.33	45.64	44.7	44.76	33329201	124.11	125.55	123.04	123.31	28096397	53.72	53.95	53.39	53.42	9421614
2019-05-14 00:00:00-04:00	131.82	134.32	131.68	133.34	2781032	45.18	45.485	44.87	45.18	21635551	123.87	125.88	123.7	124.72	20940204	53.64	54.62	53.36	54.14	10536138
2019-05-15 00:00:00-04:00	132.59	134.59	132.37	134.41	2134111	44.92	45.75	44.76	45.61	20669205	124.26	126.71	123.7	126.05	21509877	53.91	54.81	53.84	54.57	7546845
2019-05-16 00:00:00-04:00	134.74	136.11	134.64	135.85	2367574	45.47	45.95	45.42	45.54	17461451	126.75	129.38	126.46	128.95	24762656	54.91	55.145	54.55	54.62	8883464
2019-05-17 00:00:00-04:00	134.68	135.41	133.94	134.3	2138698	45.18	45.73	44.7637	44.89	18317027	128.305	130.46	127.92	128.07	23154739	54.19	54.92	53.91	54.49	7402547
2019-05-20 00:00:00-04:00	133.53	135.43	132.9308	135.12	2969095	44.0	44.52	43.4538	43.57	25114845	126.52	127.5894	125.7607	126.2	18433566	53.95	54.36	53.53	53.64	8784819
2019-05-21 00:00:00-04:00	136.12	137.06	135.79	136.46	1969214	44.34	44.78	44.175	44.47	22052350	127.43	127.5273	126.58	126.9	12132102	54.21	54.27	54.025	54.18	6413222
2019-05-22 00:00:00-04:00	136.0	136.75	135.7116	136.36	1460617	44.22	44.46	43.845	44.0	15144752	126.62	128.24	126.52	127.66	12781907	54.23	54.55	54.04	54.2	7532630
2019-05-23 00:00:00-04:00	135.13	135.13	130.44	132.39	4546464	43.37	44.74	42.86	44.52	31485473	126.2	126.29	124.74	126.18	20026729	53.72	53.72	52.51	53.07	9650649
2019-05-24 00:00:00-04:00	133.53	134.245	131.59	132.35	2265070	44.59	45.05	44.49	44.58	25135680	126.91	127.415	125.97	126.23	12380286	53.38	53.47	52.59	52.78	7982706
2019-05-28 00:00:00-04:00	132.13	132.64	130.27	130.46	2390949	44.66	44.69	43.3	43.58	22658722	126.94	128.0	126.05	126.05	15677726	53.08	53.28	51.75	51.75	14064760
2019-05-29 00:00:00-04:00	130.0	130.28	128.32	129.66	3158489	43.35	44.53	43.3333	44.21	24963501	125.38	125.39	124.04	124.94	19094366	51.43	51.81	51.05	51.69	10994588
2019-05-30 00:00:00-04:00	129.74	129.97	128.93	129.56	2325920	44.3	45.03	44.23	44.75	18679953	125.26	125.76	124.78	125.73	14940725	51.93	52.03	51.46	51.73	7904581
2019-05-31 00:00:00-04:00	128.44	128.44	126.85	126.99	2490902	44.18	44.9695	43.93	44.02	20724189	124.23	124.615	123.32	123.59	19067178	51.24	51.36	50.51	50.58	9203907
2019-06-03 00:00:00-04:00	127.1	128.56	127.06	128.26	3406412	44.23	44.585	43.2	43.44	25631558	123.85	124.37	119.01	119.88	33076693	50.56	51.075	49.89	50.24	15154501
2019-06-04 00:00:00-04:00	129.56	132.74	129.085	132.69	3023982	44.16	44.855	43.77	44.79	24297098	121.27	123.28	120.6522	123.2	23847973	50.79	52.24	50.63	52.03	14151222
2019-06-05 00:00:00-04:00	133.38	133.61	130.47	131.45	2739402	45.11	45.18	44.19	44.56	18288543	124.95	125.87	124.21	125.83	20223894	52.78	53.24	51.845	52.11	13660244
2019-06-06 00:00:00-04:00	132.19	132.65	130.9	132.25	1939836	44.75	45.17	44.505	45.1	15360707	126.44	127.97	125.6	127.9	17659237	52.09	52.74	51.86	52.6	8653546
2019-06-07 00:00:00-04:00	132.47	134.72	132.21	133.29	2119869	45.25	46.12	45.1	46.03	19643976	129.19	132.25	128.26	131.4	28442880	52.8	53.42	52.78	53.25	9656377
2019-06-10 00:00:00-04:00	134.38	135.3526	133.91	134.71	2444505	46.23	47.19	46.2	46.8	17773623	132.4	134.08	132.0	132.6	23572989	53.68	54.41	53.57	54.0	11084618
2019-06-11 00:00:00-04:00	135.32	136.46	135.05	135.92	2755636	47.26	47.32	46.52	46.865	16027378	133.88	134.24	131.2757	132.1	18628257	54.5	54.61	53.84	53.94	9604587
2019-06-12 00:00:00-04:00	135.56	135.94	134.41	134.87	1709376	46.67	46.67	46.25	46.33	13450505	131.4	131.97	130.71	131.49	14627551	53.68	54.05	53.43	53.63	8717028
2019-06-13 00:00:00-04:00	135.13	136.27	135.09	135.78	1870535	46.6	46.955	46.53	46.71	19829955	131.98	133.0	131.56	132.32	29605510	53.98	53.98	53.44	53.85	9267138
2019-06-14 00:00:00-04:00	135.44	135.88	134.43	135.19	1493267	45.83	46.42	45.5459	46.18	24459899	132.26	133.79	131.64	132.47	28380382	53.61	53.83	53.28	53.29	10615541
2019-06-17 00:00:00-04:00	135.39	136.03	134.7	134.95	1778168	46.14	46.53	45.8	46.14	9930467	132.63	133.73	132.53	132.89	11190315	53.34	53.545	52.95	53.13	12990701
2019-06-18 00:00:00-04:00	135.2	137.19	135.2	136.38	2236322	46.75	48.0	46.6	47.37	21845375	134.19	135.24	133.57	135.18	22259993	52.86	53.6	52.41	52.89	17991099
2019-06-19 00:00:00-04:00	136.43	138.36	136.24	137.1	1852101	47.48	47.58	47.0	47.07	14294442	135.0	135.93	133.81	135.59	17422488	52.75	53.13	52.25	52.6972	25248317
2019-06-20 00:00:00-04:00	138.93	139.54	138.2	138.83	2171487	47.87	48.05	46.87	47.17	16530420	137.45	137.66	135.72	136.89	24413637	55.98	57.47	55.53	57.02	42998457
2019-06-21 00:00:00-04:00	138.44	139.54	138.39	139.2	3177303	46.95	47.73	46.8	47.46	23955803	136.58	137.73	136.46	136.94	32605935	57.14	57.15	56.06	56.13	21630446
2019-06-24 00:00:00-04:00	139.2	140.15	139.05	139.36	1728031	47.4	47.8455	47.17	47.63	12146697	137.27	138.4	137.0	137.79	15409700	56.25	57.3	55.9	56.75	14614990
2019-06-25 00:00:00-04:00	139.46	139.55	138.13	138.37	2205766	47.56	47.68	46.8	46.86	12719624	137.25	137.59	132.73	133.43	28861090	56.87	57.18	56.06	56.07	15586918
2019-06-26 00:00:00-04:00	138.87	139.68	138.4073	138.53	1579838	47.65	48.48	47.56	48.18	17313631	134.35	135.74	133.6	133.93	18589050	56.43	56.845	56.24	56.65	10887575
2019-06-27 00:00:00-04:00	138.72	139.3	137.95	138.52	1602513	48.15	48.42	47.24	47.46	19988745	134.14	134.71	133.51	134.14	13350840	57.0	57.39	56.76	56.77	10880774
2019-06-28 00:00:00-04:00	138.55	139.14	137.84	137.92	2438025	47.845	48.2	47.76	47.87	16797983	134.495	134.58	133.1558	133.93	15208650	57.0	57.07	56.36	56.84	11025206
2019-07-01 00:00:00-04:00	139.6	141.49	139.28	139.91	2641056	49.29	49.45	47.745	48.07	23416717	136.63	136.7	134.97	135.69	18770923	57.15	58.09	57.03	58.01	18175750
2019-07-02 00:00:00-04:00	139.75	140.43	139.47	140.25	2048590	47.91	48.22	47.69	48.12	13592935	136.12	136.59	135.34	136.57	12885055	57.88	58.56	57.77	58.48	14073426
2019-07-03 00:00:00-04:00	140.72	141.82	140.43	141.53	1450008	48.18	48.56	47.995	48.52	8344006	136.79	137.74	136.295	137.45	10872526	58.45	58.9535	58.38	58.87	8121465
2019-07-05 00:00:00-04:00	140.87	141.49	139.91	141.37	1777919	48.03	48.175	47.44	48.1	11294860	135.94	137.33	135.72	137.07	14788455	58.53	59.52	58.34	59.28	12348659
2019-07-08 00:00:00-04:00	141.05	141.285	140.27	140.58	1928716	47.62	47.95	47.07	47.83	13638651	136.4	137.1	135.3701	136.97	13660084	59.19	59.67	59.01	59.53	13700790
2019-07-09 00:00:00-04:00	140.61	140.99	139.13	139.37	2807187	47.36	47.8	47.13	47.75	15539431	136.0	136.97	135.8	136.435	15894256	59.2	59.63	59.01	59.59	10937725
2019-07-10 00:00:00-04:00	140.0	141.91	139.79	140.48	2142780	47.92	48.61	47.9	48.21	13386807	137.13	138.58	137.02	137.86	18541986	59.94	60.5	59.75	60.15	14048563
2019-07-11 00:00:00-04:00	140.79	141.58	140.3	141.24	1841489	48.56	48.78	48.31	48.6	14199216	138.2	139.22	137.87	138.4	19376896	60.18	60.21	59.4	59.98	9123677
2019-07-12 00:00:00-04:00	141.92	142.92	141.66	142.69	2197372	49.0	49.93	48.81	49.92	16646503	138.85	139.13	138.0099	138.89	14813882	60.09	60.09	59.3	59.81	8342562
2019-07-15 00:00:00-04:00	142.89	143.51	142.12	143.31	2061416	50.0	50.25	49.7693	50.12	11922949	139.59	139.59	138.46	138.94	13238147	59.85	59.85	59.25	59.515	8594779
2019-07-16 00:00:00-04:00	143.17	144.04	143.02	143.515	2864445	49.91	50.0	48.96	49.18	14552529	138.96	139.05	136.52	137.08	19654715	59.17	59.48	58.59	58.63	7931086
2019-07-17 00:00:00-04:00	143.61	143.8	141.95	143.06	4595564	49.5	49.7	49.24	49.39	9550464	137.7	137.93	136.22	136.22	16462100	58.8	58.95	57.99	58.0	7482059
2019-07-18 00:00:00-04:00	142.5	150.31	142.2	149.66	11588109	49.28	49.99	48.89	49.94	12355146	135.55	136.62	134.67	136.28	23382478	57.69	58.14	57.6	58.13	9625407
2019-07-19 00:00:00-04:00	149.96	151.58	149.55	149.81	5935980	49.96	50.66	49.91	50.26	26200143	140.22	140.67	136.45	136.62	43308021	58.31	58.53	57.52	57.56	8584022
2019-07-22 00:00:00-04:00	150.16	151.94	149.7	149.75	3585855	50.005	51.515	49.89	51.35	17424381	137.41	139.19	137.33	138.43	20785406	57.88	58.08	57.55	57.61	6754296
2019-07-23 00:00:00-04:00	150.57	150.72	148.38	150.38	2842688	52.0	52.0	51.3	51.75	15421019	139.76	139.99	138.03	139.29	15676393	58.06	58.14	57.445	57.46	6723521
2019-07-24 00:00:00-04:00	150.12	151.45	149.195	150.04	2611239	51.98	52.97	51.8	52.92	17187410	138.9	140.74	138.85	140.72	16545564	57.45	58.22	57.38	58.12	8724139
2019-07-25 00:00:00-04:00	149.82	150.62	148.61	150.43	2332454	52.51	52.6	51.88	52.16	20601074	140.43	140.61	139.3215	140.19	15828520	58.37	58.625	58.08	58.3	6065778
2019-07-26 00:00:00-04:00	151.0	151.41	150.1	151.34	1915998	52.69	53.5	51.53	51.58	31799155	140.37	141.675	140.3	141.34	13850451	58.34	58.65	58.2	58.49	4295510
2019-07-29 00:00:00-04:00	151.11	151.48	150.32	150.89	1587638	51.53	52.5599	50.78	52.51	18208376	141.5	141.51	139.3663	141.04	12886300	58.79	58.79	57.8	58.06	5866466
2019-07-30 00:00:00-04:00	150.0	150.4	149.22	149.77	2231324	51.71	52.31	51.56	51.7	14366487	140.18	141.2199	139.8005	140.37	13481272	57.76	58.145	57.43	57.5	5202696
2019-07-31 00:00:00-04:00	149.7	150.18	146.39	148.24	2667989	51.51	51.72	50.05	50.55	20313891	140.33	140.49	135.08	136.21	31831950	57.88	57.88	55.62	56.3	9780616
2019-08-01 00:00:00-04:00	148.9	152.82	148.5	150.3	5693192	50.45	51.89	49.47	49.5	30744022	137.0	140.9383	136.93	138.06	36054988	56.3	56.85	55.52	55.89	8460034
2019-08-02 00:00:00-04:00	149.03	152.95	145.88	147.28	6742208	49.09	49.36	48.5	48.68	21836320	138.09	138.32	135.26	136.9	23815759	56.19	56.19	55.0	55.84	9642014
2019-08-05 00:00:00-04:00	144.98	145.1	139.15	140.75	6032222	47.76	47.9599	46.57	46.97	31274595	133.3	133.9298	130.78	132.2	35492393	55.1	55.1	53.685	53.77	13402948
2019-08-06 00:00:00-04:00	142.03	142.47	139.31	140.74	4196903	47.15	47.56	46.765	46.95	21346278	133.8	135.68	133.21	134.66	25230023	54.2	54.45	53.61	53.97	11320022
2019-08-07 00:00:00-04:00	138.74	139.58	136.4115	139.13	4915454	46.3	46.88	45.97	46.73	26053591	133.8	135.65	131.8284	135.28	26194932	53.13	54.065	52.97	53.32	15125885
2019-08-08 00:00:00-04:00	138.45	140.42	137.76	140.13	4268226	46.16	47.365	45.91	47.17	25748555	136.6	138.99	135.93	138.91	20703630	53.72	54.75	53.72	54.67	9965685
2019-08-09 00:00:00-04:00	139.27	139.31	135.35	136.13	4557050	46.89	46.91	45.78	45.98	20363230	138.87	139.38	136.46	137.69	18350156	54.24	54.46	53.52	53.9	6217423
2019-08-12 00:00:00-04:00	135.66	135.87	133.18	134.09	3248175	45.76	46.07	45.44	45.6	15556877	137.07	137.86	135.24	135.81	15264976	53.68	53.79	53.0	53.23	5469942
2019-08-13 00:00:00-04:00	133.8	136.57	132.8058	135.78	3877192	45.4	47.045	45.36	46.84	24855752	136.05	138.8	135.0	138.6	21855465	53.14	54.24	53.0	53.97	9515293
2019-08-14 00:00:00-04:00	133.91	134.16	130.98	131.25	3830188	46.06	46.625	45.65	45.87	20708508	136.36	136.92	133.67	133.98	24545638	53.35	53.37	52.24	52.32	9840403
2019-08-15 00:00:00-04:00	131.22	132.37	130.25	131.88	3244834	46.1	46.18	45.435	45.69	19917680	133.98	134.58	132.25	133.691	22783901	52.65	52.72	51.96	52.59	9828055
2019-08-16 00:00:00-04:00	133.04	144.72	132.9539	133.78	2353461	46.34	46.68	46.06	46.5	19682448	134.88	136.46	134.72	136.13	21414280	53.18	53.695	53.01	53.61	8451061
2019-08-19 00:00:00-04:00	134.88	136.33	134.88	135.03	2725893	47.46	47.6	47.04	47.23	18509504	137.855	138.55	136.885	138.41	19420135	54.22	54.37	53.76	53.86	6676416
2019-08-20 00:00:00-04:00	135.24	135.28	132.81	133.09	2521956	47.03	47.12	46.46	46.6	20022626	138.21	138.71	137.24	137.24	15455600	53.52	53.84	52.9	52.99	6475733
2019-08-21 00:00:00-04:00	134.96	135.94	133.8	134.28	2498581	47.11	47.29	46.8901	47.15	14035669	138.55	139.4935	138.0	138.78	12370201	53.53	53.93	53.17	53.25	5199516
2019-08-22 00:00:00-04:00	134.69	135.68	133.81	134.34	2193268	47.28	47.43	46.69	46.76	16882575	138.66	139.2	136.29	137.77	15649907	53.58	53.72	52.885	53.2	5682725
2019-08-23 00:00:00-04:00	133.63	134.26	128.83	129.57	3654879	46.35	46.63	44.8	44.97	26877085	137.1897	138.35	132.8	133.4	31330202	53.06	53.32	51.25	51.59	8684311
2019-08-26 00:00:00-04:00	131.05	131.3	129.16	130.0	2350360	45.82	45.82	45.25	45.57	19347062	135.01	135.56	133.9	135.54	16264514	52.14	52.32	51.83	52.15	6029935
2019-08-27 00:00:00-04:00	131.2	131.6961	130.31	131.17	3732260	45.87	46.12	45.5	45.78	13102111	136.39	136.72	134.66	135.75	16302609	52.44	52.62	52.22	52.36	8639850
2019-08-28 00:00:00-04:00	130.44	132.89	130.04	132.74	2211707	45.7	45.91	45.37	45.79	12263562	134.88	135.76	133.55	135.55	14545360	52.2	52.2	51.62	51.93	6249602
2019-08-29 00:00:00-04:00	134.18	135.69	134.04	134.92	2516838	46.36	47.22	46.36	46.87	15342145	137.25	138.44	136.91	138.16	17138202	52.65	52.81	52.09	52.16	5847732
2019-08-30 00:00:00-04:00	135.58	136.07	134.3627	135.47	1996772	47.24	47.79	47.16	47.41	12545456	139.2	139.2	136.27	137.92	17470601	52.5	52.55	51.75	52.04	5489268
2019-09-03 00:00:00-04:00	134.85	134.9013	133.3301	134.15	2041305	47.12	47.22	46.495	46.98	12835825	136.61	137.2	135.7	136.12	15851752	51.94	52.0	51.55	51.89	8152946
2019-09-04 00:00:00-04:00	135.71	136.43	135.15	136.32	1573287	47.56	48.95	47.54	48.93	17232918	137.3	137.69	136.48	137.69	14888337	52.35	53.125	52.22	52.98	8062853
2019-09-05 00:00:00-04:00	138.3	141.695	138.05	140.97	4191017	49.925	51.17	49.87	50.1	26089117	139.11	140.3837	138.76	140.05	21972890	53.73	54.33	53.63	53.85	9166661
2019-09-06 00:00:00-04:00	141.52	141.525	140.46	140.55	2270835	50.25	50.99	50.07	50.94	14464172	140.03	140.18	138.2	139.13	17404946	54.1	54.14	53.14	53.17	9274086
2019-09-09 00:00:00-04:00	140.59	143.02	140.46	142.62	3453579	51.06	52.03	51.02	51.59	17458720	139.59	139.75	136.46	137.58	22373275	53.52	54.68	53.45	54.55	14622246
2019-09-10 00:00:00-04:00	143.0	145.46	142.96	145.02	4383411	51.33	51.84	50.825	51.84	16149127	136.8	136.8862	134.51	136.15	23250035	54.54	55.46	54.14	55.46	17287193
2019-09-11 00:00:00-04:00	144.85	145.12	142.7051	143.6	3092090	51.6	52.79	51.38	52.79	15069086	135.91	136.27	135.09	136.15	19779471	55.27	56.29	55.16	56.29	12658744
2019-09-12 00:00:00-04:00	144.03	144.04	141.88	143.67	1967054	53.0	53.33	52.065	53.0	17535047	137.85	138.42	136.87	137.5414	20314197	54.34	54.83	52.9	53.9	23351809
2019-09-13 00:00:00-04:00	144.32	144.65	143.26	143.65	1678069	52.76	53.0	52.2349	52.54	14433161	137.78	138.06	136.57	137.21	16044045	54.0	54.72	53.33	53.76	12196681
2019-09-16 00:00:00-04:00	142.56	143.64	142.27	142.4	1486184	51.9	52.285	51.7011	52.22	11085747	135.83	136.7	135.66	136.4	11868175	53.4	53.57	52.79	53.12	11977899
2019-09-17 00:00:00-04:00	142.48	142.48	140.66	142.18	1953747	52.05	52.144	51.35	51.95	16859280	136.96	137.52	136.425	137.39	13402758	53.18	53.2	52.35	52.875	8761493
2019-09-18 00:00:00-04:00	142.05	142.3	140.51	142.22	1724848	52.13	52.13	51.16	51.74	12702953	137.36	138.67	136.5299	138.53	18456568	52.82	52.84	51.855	52.55	7194528
2019-09-19 00:00:00-04:00	142.46	145.03	142.45	142.94	2747262	51.7	51.99	51.5	51.58	9519749	140.3	142.37	140.0736	141.08	31138067	52.39	53.67	52.39	53.36	12233526
2019-09-20 00:00:00-04:00	143.25	143.83	141.82	141.83	4927745	51.6	51.88	50.6	50.6	27009865	141.01	141.65	138.25	139.28	40686698	53.71	54.25	53.42	53.44	23633441
2019-09-23 00:00:00-04:00	141.19	142.22	140.558	142.03	1457564	50.83	51.225	50.39	50.9	14721790	139.23	139.63	138.44	139.09	13545121	53.17	54.17	53.06	54.02	10755342
2019-09-24 00:00:00-04:00	142.5	142.89	141.07	141.74	2582858	51.1	51.18	49.64	49.81	22325714	140.37	140.69	136.88	137.38	23947563	54.14	54.49	53.115	53.36	11782919
2019-09-25 00:00:00-04:00	141.74	143.63	140.8588	143.2	1919953	49.75	51.21	49.42	51.03	15907126	137.5	139.958	136.04	139.36	17416474	53.31	53.945	52.89	53.84	9936351
2019-09-26 00:00:00-04:00	143.17	143.88	141.41	143.6	1817975	50.98	51.145	50.34	50.93	9690202	139.44	140.18	138.44	139.57	14306302	54.11	54.33	53.465	53.975	11589912
2019-09-27 00:00:00-04:00	144.41	145.09	142.38	143.33	1897944	50.63	51.22	50.34	50.78	11638212	140.15	140.36	136.645	137.75	17829702	54.19	54.6	53.62	54.1	11026700
2019-09-30 00:00:00-04:00	143.73	146.57	143.73	145.41	2902932	51.19	51.595	50.9384	51.53	10334602	138.05	139.215	137.78	139.03	12030081	54.25	55.28	54.05	55.03	14460923
2019-10-01 00:00:00-04:00	145.59	147.35	143.55	143.64	2376656	51.97	52.24	50.43	50.77	15555451	139.66	140.25	137.0	137.06	17119882	55.04	55.64	53.75	53.8	14929336
2019-10-02 00:00:00-04:00	142.19	142.2659	140.57	141.77	2482231	50.31	50.37	48.98	49.38	16397339	136.25	136.37	133.5799	134.63	25283772	53.5	53.5	52.675	53.17	13555525
2019-10-03 00:00:00-04:00	141.62	142.07	139.18	141.975	2394570	49.5	50.07	48.532	50.04	13168131	134.95	136.75	133.22	136.3	20600985	53.06	53.88	52.94	53.88	9818606
2019-10-04 00:00:00-04:00	142.06	143.06	141.03	142.99	1598893	50.39	50.97	50.03	50.92	20295486	136.75	138.25	136.42	138.11	34698225	54.0	55.18	53.84	55.13	11773913
2019-10-07 00:00:00-04:00	142.26	142.7	141.22	141.26	1555621	50.7	51.23	50.56	50.62	19021078	137.14	138.18	137.02	137.1	24940153	55.07	55.36	54.75	54.81	10026750
2019-10-08 00:00:00-04:00	140.24	140.4749	138.25	138.38	2533025	50.16	50.48	49.61	49.73	28820986	137.08	137.76	135.62	135.66	43365113	54.29	54.7055	53.77	54.05	12586438
2019-10-09 00:00:00-04:00	139.77	140.33	138.8	139.63	2055411	50.47	50.79	50.15	50.49	19418591	137.46	138.7	136.97	138.21	33135789	54.15	54.99	54.06	54.53	11067625
2019-10-10 00:00:00-04:00	139.77	141.78	139.56	141.13	2118734	50.41	51.775	50.4	51.11	23236836	138.49	139.6699	138.25	139.1	30602156	54.45	55.6	54.35	55.51	12021563
2019-10-11 00:00:00-04:00	142.77	144.5	142.61	142.69	2453945	52.0	52.79	51.82	52.06	36164796	140.12	141.03	139.5	139.61	43365185	55.92	57.33	55.71	56.88	16086683
2019-10-14 00:00:00-04:00	142.14	142.43	141.32	141.98	1777612	51.89	51.93	51.44	51.65	20654871	140.2	140.29	139.52	139.54	19332176	56.83	57.21	56.41	56.46	7793546
2019-10-15 00:00:00-04:00	142.54	143.72	141.81	142.93	2576560	51.93	53.07	51.83	52.64	31830558	140.06	141.79	139.81	141.57	33525781	56.63	56.815	56.35	56.35	7017016
2019-10-16 00:00:00-04:00	142.49	142.95	141.3905	142.04	4373973	52.35	52.56	52.12	52.445	24386408	140.71	140.99	139.53	140.48	34816708	55.79	56.01	55.55	55.875	7061888
2019-10-17 00:00:00-04:00	135.0	136.0	132.91	134.25	14310817	52.635	52.84	51.38	51.89	29122213	140.95	141.42	139.02	139.67	35471777	56.01	56.238	54.985	55.07	7983051
2019-10-18 00:00:00-04:00	134.22	134.49	132.25	134.05	6558708	51.75	51.82	51.0291	51.345	30996483	139.76	140.0	136.56	137.34	58749783	54.95	55.26	54.18	54.54	11672427
2019-10-21 00:00:00-04:00	132.61	133.1	130.9	132.58	5450090	51.4	52.17	51.39	52.12	9104684	138.05	138.5	137.01	138.43	14775463	55.06	55.3	54.82	55.12	6785635
2019-10-22 00:00:00-04:00	132.55	134.05	131.61	133.94	3724289	51.9	52.32	51.88	52.0	11496563	138.97	140.01	136.26	136.39	24185213	55.22	55.43	54.02	54.11	6868021
2019-10-23 00:00:00-04:00	133.52	134.565	132.7	134.39	3157744	51.37	51.96	51.2	51.72	13427923	136.88	137.45	135.61	137.25	25297689	54.0	54.63	53.87	54.13	7023435
2019-10-24 00:00:00-04:00	134.83	135.07	133.3	134.06	2267524	52.09	52.43	51.43	52.18	17233155	139.39	140.42	138.67	139.95	32841215	54.47	54.65	53.96	54.27	5350046
2019-10-25 00:00:00-04:00	134.12	135.93	134.1	135.43	2272678	54.19	56.61	53.92	56.46	54140125	139.5	141.14	139.2	140.73	19986717	54.04	54.42	54.01	54.17	4913677
2019-10-28 00:00:00-04:00	136.0	136.63	135.445	135.97	2606335	56.38	56.81	56.06	56.77	23939427	144.4	145.67	143.51	144.2	31816013	54.35	54.68	54.27	54.635	5607561
2019-10-29 00:00:00-04:00	135.42	135.57	133.44	133.82	3726951	56.37	57.24	56.24	56.33	15657903	144.08	144.5	142.65	142.81	17578197	54.72	55.305	54.56	54.795	7336220
2019-10-30 00:00:00-04:00	133.83	135.28	133.2	135.25	2001231	56.32	56.63	55.615	56.61	13608858	143.52	145.0	142.79	144.56	16677432	55.18	55.18	54.45	54.85	5438242
2019-10-31 00:00:00-04:00	133.69	134.11	133.23	133.72	1922943	56.33	56.6	55.62	56.54	14897501	144.9	144.93	142.99	143.39	17913741	54.47	54.58	54.24	54.49	4537782
2019-11-01 00:00:00-04:00	134.5	135.56	134.09	135.53	2481162	55.94	56.6465	55.75	56.495	14289497	144.26	144.42	142.965	143.72	23085759	54.81	55.15	54.5503	55.02	5774636
2019-11-04 00:00:00-05:00	136.24	137.74	136.23	137.69	2614603	56.9303	57.8	56.85	57.61	15617599	144.8	145.0	144.16	144.52	14542918	55.26	55.75	55.26	55.45	7090763
2019-11-05 00:00:00-05:00	137.8	138.76	137.63	137.9	2152379	57.47	58.35	57.21	57.56	16769856	144.97	145.02	143.905	144.46	14318658	55.76	55.84	55.51	55.68	8766125
2019-11-06 00:00:00-05:00	138.0	138.78	137.55	138.77	2960346	57.49	57.71	56.98	57.62	14085618	144.37	144.52	143.2	144.06	12956028	55.71	55.885	55.6	55.7	9144780
2019-11-07 00:00:00-05:00	137.87	139.135	137.58	137.7	2574266	58.0	58.55	57.855	58.06	14068800	143.84	144.88	143.77	144.28	14764862	55.96	56.625	55.86	56.0	7337098
2019-11-08 00:00:00-05:00	137.58	137.61	136.16	137.6	1892131	57.85	58.3	57.31	58.28	9923602	143.98	145.99	143.76	145.96	14457573	55.98	56.48	55.767	56.48	4359134
2019-11-11 00:00:00-05:00	137.2	137.2	135.0	135.45	2090088	57.97	58.5	57.9	58.35	9947160	145.34	146.42	144.73	146.12	13193003	56.2	56.61	56.18	56.43	4407211
2019-11-12 00:00:00-05:00	135.87	136.66	135.02	135.6	2350212	58.4	58.8	58.03	58.21	10147393	146.28	147.57	146.06	147.08	15001797	56.53	56.845	56.415	56.585	5125705
2019-11-13 00:00:00-05:00	135.39	135.58	133.845	134.47	2423695	57.87	57.97	57.35	57.9	11596009	146.74	147.4625	146.28	147.34	14272821	56.21	56.56	56.17	56.21	5578973
2019-11-14 00:00:00-05:00	134.13	134.33	133.33	133.99	3616427	57.61	58.04	57.57	57.82	10676444	147.02	148.41	147.0	148.06	13433421	55.81	56.325	55.64	56.1	7516413
2019-11-15 00:00:00-05:00	134.39	135.12	134.03	134.37	2810632	58.13	58.7	57.62	57.96	13668982	148.93	149.99	148.27	149.95	19846888	56.4	56.555	56.265	56.42	6151476
2019-11-18 00:00:00-05:00	134.3	134.48	133.23	134.21	2361976	57.7	58.48	57.57	58.26	13433412	150.07	150.55	148.98	150.34	18280590	56.56	56.56	55.96	56.16	5098701
2019-11-19 00:00:00-05:00	134.88	135.38	134.46	134.5	2132265	58.48	58.65	57.75	58.38	11969993	150.88	151.33	150.195	150.39	18879614	56.47	56.95	56.26	56.27	5363965
2019-11-20 00:00:00-05:00	134.06	134.4614	132.75	133.17	2644300	58.26	58.36	57.3664	57.91	14554949	150.07	150.84	148.46	149.62	21902456	56.22	56.62	55.81	56.25	5817836
2019-11-21 00:00:00-05:00	133.4	134.17	132.98	133.84	1944718	57.49	58.3	57.41	58.23	13431255	149.4	149.8	148.501	149.49	14384044	56.22	56.59	56.12	56.23	6446261
2019-11-22 00:00:00-05:00	134.19	134.65	133.59	134.33	1853515	58.34	58.65	57.49	57.62	12656899	150.07	150.3	148.82	149.63	12567663	56.42	57.058	56.245	56.375	5214988
2019-11-25 00:00:00-05:00	134.47	136.0	134.35	135.96	1957511	58.0	58.84	58.0	58.815	11808567	150.0	151.35	149.92	151.2247	14939388	56.46	56.68	56.28	56.55	5661378
2019-11-26 00:00:00-05:00	136.15	136.15	134.77	135.06	2161570	58.95	59.13	58.45	58.91	17816551	151.36	152.42	151.32	152.0	14027510	56.75	56.86	56.415	56.52	5649346
2019-11-27 00:00:00-05:00	135.35	135.71	133.62	133.78	2740410	58.53	58.59	57.905	58.53	12181040	152.33	152.5	151.52	152.34	12294833	56.9	56.91	56.38	56.61	4842493
2019-11-29 00:00:00-05:00	133.6	134.52	133.03	134.43	1254107	58.15	58.295	57.79	58.06	5903127	152.1	152.3	151.28	151.38	8158878	56.33	56.49	56.09	56.15	3944032
2019-12-02 00:00:00-05:00	134.45	134.5	132.48	132.95	2386526	58.55	58.69	57.47	57.66	15624865	151.81	151.83	148.32	149.55	21432374	56.23	56.46	55.38	55.44	9365035
2019-12-03 00:00:00-05:00	132.0	132.44	130.689	132.09	3028336	56.86	56.86	55.75	56.08	23454324	147.5	149.43	146.65	149.32	20179656	54.62	54.99	54.46	54.6	10062791
2019-12-04 00:00:00-05:00	132.86	133.68	131.96	132.05	2561165	56.66	56.66	55.86	56.0	16732316	150.14	150.1799	149.2	149.83	15235784	54.9	54.9	54.1843	54.43	9916851
2019-12-05 00:00:00-05:00	132.99	133.24	131.6264	131.92	3023757	56.41	56.41	55.76	56.08	15513968	150.05	150.32	149.48	149.92	12243910	54.5	54.83	54.3	54.68	8268135
2019-12-06 00:00:00-05:00	132.75	133.89	132.7	133.2	2933931	56.66	56.99	56.42	56.8	14045959	150.99	151.87	150.27	151.75	13020323	55.03	55.13	54.61	54.82	7721732
2019-12-09 00:00:00-05:00	133.35	134.59	133.26	133.93	2257611	56.54	56.96	56.5	56.52	10775639	151.07	152.21	150.91	151.36	11759878	54.84	55.48	54.76	55.3	9489337
2019-12-10 00:00:00-05:00	133.92	134.84	133.56	133.9	2775704	56.71	56.83	56.44	56.61	14252195	151.26	151.89	150.765	151.17	13714977	55.4	55.905	55.23	55.82	8577734
2019-12-11 00:00:00-05:00	134.11	134.51	133.67	133.76	2758839	56.91	57.17	56.58	57.06	18162254	151.54	151.87	150.33	151.69	15282616	55.8	56.5	55.65	56.3	9695745
2019-12-12 00:00:00-05:00	133.7	135.6604	133.66	135.33	2708026	56.75	58.05	56.61	57.55	25540361	151.65	153.44	151.02	153.23	20551376	56.3	56.66	55.76	56.45	12895031
2019-12-13 00:00:00-05:00	134.75	135.5	134.01	134.23	2075050	57.55	58.34	57.38	57.79	19219099	153.0035	154.89	152.83	154.54	20029179	55.0	55.4	54.42	54.51	18909712
2019-12-16 00:00:00-05:00	134.94	135.45	133.85	134.12	2204137	58.21	58.57	57.65	57.68	14587549	155.28	155.9	154.82	155.54	17940213	54.6	54.98	53.7	53.99	14617720
2019-12-17 00:00:00-05:00	134.28	134.69	133.46	134.23	2279564	58.0	58.1	57.13	57.3	18164596	155.45	155.71	154.45	154.79	17861887	53.89	54.06	52.83	52.84	13696620
2019-12-18 00:00:00-05:00	134.55	135.0	134.1504	134.45	2125604	57.39	57.455	56.94	57.18	17918366	154.24	155.48	154.18	154.37	14458613	53.06	53.61	52.95	53.4	10707672
2019-12-19 00:00:00-05:00	134.46	134.725	134.19	134.53	2424110	57.17	57.99	56.965	57.97	13846331	154.01	155.77	153.75	155.71	18017465	53.3	53.6	53.04	53.24	8300587
2019-12-20 00:00:00-05:00	135.74	136.42	134.95	135.62	5253346	58.32	59.05	57.89	58.95	30377567	157.35	158.49	156.29	157.39	38348544	53.91	53.95	53.35	53.63	10172713
2019-12-23 00:00:00-05:00	135.78	136.15	135.0	135.56	1942730	59.06	59.78	59.04	59.23	13796264	158.12	158.12	157.27	157.41	12592701	53.65	54.065	53.61	53.72	5224135
2019-12-24 00:00:00-05:00	135.61	135.62	134.61	134.96	1037182	59.25	59.48	59.16	59.42	4810194	157.43	157.71	157.115	157.39	5197207	53.78	53.96	53.355	53.44	2737041
2019-12-26 00:00:00-05:00	134.98	135.3055	134.65	134.91	1491402	59.41	59.85	59.35	59.82	7963604	157.56	158.73	157.4	158.67	8748285	53.45	53.66	53.28	53.57	4258597
2019-12-27 00:00:00-05:00	135.0	135.75	134.87	135.28	2207494	59.91	60.48	59.9	60.09	11551294	159.45	159.55	158.22	158.95	12779354	53.66	53.8	53.34	53.46	4168477
2019-12-30 00:00:00-05:00	135.2	135.3	132.5	132.76	3291626	59.99	60.05	59.38	59.63	10443425	158.9865	159.02	156.73	157.68	13421755	53.4	53.49	52.62	52.71	4767763
2019-12-31 00:00:00-05:00	132.53	134.12	132.4	134.02	2859224	59.62	59.93	59.36	59.82	10484152	156.77	157.77	156.45	157.49	12292639	52.57	53.0	52.55	52.98	5354048
2020-01-02 00:00:00-05:00	135.0	135.92	134.7701	135.46	2650485	60.24	60.97	60.22	60.84	14521740	158.74	160.73	158.33	160.73	18902080	53.27	53.96	53.23	53.96	10448335
2020-01-03 00:00:00-05:00	133.57	134.86	133.56	134.32	1870413	59.81	60.7	59.81	60.09	12172717	158.32	159.945	158.06	158.59	17126482	52.99	54.05	52.95	53.77	9223427
2020-01-06 00:00:00-05:00	133.42	134.24	133.2	134.08	2031658	59.59	60.195	59.33	59.93	13443716	157.08	159.1	156.51	159.02	15146928	53.36	54.2	53.35	54.04	8625971
2020-01-07 00:00:00-05:00	133.69	134.96	133.5633	134.15	2631709	59.78	59.8	58.89	58.925	18231493	159.32	159.67	157.32	157.6	17871760	53.89	54.33	53.61	54.17	10112079
2020-01-08 00:00:00-05:00	134.51	135.86	133.92	135.3	3662956	58.89	59.32	58.52	58.97	19049106	158.93	160.8	157.9491	160.14	22149039	53.94	54.6	53.7	54.13	9524186
2020-01-09 00:00:00-05:00	135.74	136.79	135.31	136.73	2507795	59.05	59.51	58.83	59.3	14900195	161.835	162.215	161.03	162.09	16868379	54.25	54.8	54.03	54.38	7657860
2020-01-10 00:00:00-05:00	137.0	137.87	136.31	136.64	2488925	59.57	60.075	58.87	58.94	13748198	162.8235	163.22	161.18	161.32	17493193	54.55	54.65	54.22	54.45	7979770
2020-01-13 00:00:00-05:00	135.48	136.64	135.07	136.62	2734042	59.16	59.775	59.08	59.58	14129559	161.76	163.31	161.26	163.28	15536371	54.46	54.79	54.36	54.58	9730192
2020-01-14 00:00:00-05:00	136.28	137.139	135.55	135.78	2622197	59.49	59.74	59.185	59.44	13526802	163.39	163.6	161.72	162.15	18083058	54.52	55.18	54.5	54.875	9264183
2020-01-15 00:00:00-05:00	136.0	138.055	135.71	136.66	3326866	59.3	59.65	58.75	58.93	14914625	162.62	163.94	162.57	163.29	16410439	54.88	55.18	54.68	54.76	7640956
2020-01-16 00:00:00-05:00	137.32	138.19	137.01	138.02	3237603	59.26	59.84	59.07	59.615	16618911	164.35	166.24	164.03	166.21	17391143	54.98	55.45	54.93	55.44	8259525
2020-01-17 00:00:00-05:00	136.54	138.33	136.16	138.28	4776013	59.99	60.0	59.2403	59.6	18338667	167.41	167.4675	165.43	167.05	25849940	55.63	55.69	54.85	55.13	8009744
2020-01-21 00:00:00-05:00	137.81	139.35	137.6	139.09	10918106	59.81	61.25	59.77	60.54	47667929	166.68	168.19	166.43	166.49	39893384	54.98	55.36	54.915	55.22	12886482
2020-01-22 00:00:00-05:00	143.32	145.79	142.55	143.94	28189249	61.04	62.85	60.97	62.78	51550760	167.4	167.49	165.68	165.69	37346441	55.41	55.645	54.6	54.71	10538558
2020-01-23 00:00:00-05:00	144.2	144.4097	142.15	142.86	8260028	62.86	63.705	62.81	63.31	62898455	166.19	166.8	165.27	166.72	25894570	54.41	55.0	54.28	54.97	7922514
2020-01-24 00:00:00-05:00	143.39	143.92	140.46	140.56	9593200	66.57	69.29	66.46	68.47	156695459	167.51	167.53	164.45	165.04	42175214	55.06	55.195	53.88	54.06	10801126
2020-01-27 00:00:00-05:00	138.5	140.069	138.1	138.6	3413358	66.72	67.42	65.6	65.69	25971956	161.15	163.375	160.2	162.26	22401929	53.18	53.515	52.63	52.67	6251899
2020-01-28 00:00:00-05:00	139.5	140.47	138.75	139.55	2295511	66.5	67.58	65.94	67.3	25435691	163.78	165.755	163.073	165.46	18045860	52.86	53.68	52.655	53.46	6065292
2020-01-29 00:00:00-05:00	139.17	139.58	137.595	137.7	2413343	67.63	68.06	66.17	66.34	15644632	167.84	168.75	165.69	168.18	26205744	53.78	53.94	53.18	53.2	5007333
2020-01-30 00:00:00-05:00	136.76	136.97	134.97	136.78	4007715	65.64	66.5	64.93	66.47	15502550	174.025	174.05	170.79	172.74	47138947	52.82	53.325	52.2846	53.3	6211637
2020-01-31 00:00:00-05:00	142.9	144.05	140.79	143.7	17343980	65.8	65.98	63.67	63.9	21386180	172.36	172.4	169.58	170.17	30721335	53.34	53.485	52.285	52.42	6722375
2020-02-03 00:00:00-05:00	144.25	147.28	143.9	146.25	7569219	64.455	65.04	64.3	64.42	13388475	170.43	174.5	170.4	174.39	24512662	52.73	53.41	52.69	53.08	7049199
2020-02-04 00:00:00-05:00	147.78	149.38	146.88	149.12	4803595	65.76	66.06	64.92	65.47	18116439	177.13	180.64	176.31	180.13	31785900	53.75	54.56	53.75	54.02	8044781
2020-02-05 00:00:00-05:00	150.21	157.44	150.15	156.355	12889335	66.69	67.6	66.13	67.37	20115439	184.03	184.2	178.4101	179.94	33676758	54.67	55.03	54.61	54.74	7412798
2020-02-06 00:00:00-05:00	156.82	158.75	155.42	156.78	7531862	67.3	67.4	66.77	67.09	15009047	180.97	183.8199	180.059	183.64	24058973	55.0	55.35	54.71	54.72	7678773
2020-02-07 00:00:00-05:00	154.55	155.54	152.92	153.39	5683625	66.86	67.3	66.01	66.02	13237568	182.845	185.63	182.48	183.95	26341568	54.27	54.97	54.19	54.73	6657039
2020-02-10 00:00:00-05:00	152.97	154.44	151.58	154.43	4625402	65.56	66.4	65.44	66.4	13545828	183.58	188.84	183.25	188.74	28613696	54.72	55.07	54.45	55.0	5810957
2020-02-11 00:00:00-05:00	155.12	155.22	152.7304	153.48	3547412	66.83	67.71	66.57	67.41	13642134	190.65	190.7	183.5	184.44	50542643	55.17	55.54	55.11	55.15	6488354
2020-02-12 00:00:00-05:00	153.75	155.6	153.52	155.32	3897528	67.6	68.09	67.31	67.46	12020447	185.58	185.85	181.85	184.72	41959355	55.55	55.89	55.25	55.72	6181224
2020-02-13 00:00:00-05:00	154.37	154.83	153.41	154.44	2964470	66.99	67.65	66.739	67.46	9551596	183.08	186.23	182.872	183.76	32321759	55.31	55.64	55.01	55.33	6742153
2020-02-14 00:00:00-05:00	154.42	154.56	149.77	150.62	5422417	67.52	67.865	66.82	67.29	11073964	183.25	185.41	182.65	185.35	19699788	55.38	55.835	55.24	55.46	6214987
2020-02-18 00:00:00-05:00	149.79	151.38	149.64	151.1	2942833	66.66	66.69	65.88	66.14	11020057	185.605	187.7	184.34	187.22	25137072	55.42	55.76	55.1	55.45	6104119
2020-02-19 00:00:00-05:00	151.54	151.89	150.31	150.83	2342789	66.39	67.2	66.18	67.12	10993235	188.06	188.18	186.47	187.28	23002237	55.59	55.77	55.39	55.44	5142843
2020-02-20 00:00:00-05:00	150.81	151.62	149.51	151.18	2288966	67.04	67.29	64.56	65.43	23462950	186.95	187.25	181.1	184.33	32327097	55.4	55.865	54.875	55.5	5204286
2020-02-21 00:00:00-05:00	151.04	151.04	148.84	149.83	2853840	65.18	65.25	64.04	64.32	15464151	183.17	183.5	177.25	178.56	45071812	55.08	55.34	54.44	54.67	7416544
2020-02-24 00:00:00-05:00	145.51	148.05	145.38	146.45	4513712	61.75	62.77	61.32	61.74	22245575	167.77	174.55	163.23	170.88	61441188	53.1	53.53	52.51	52.64	8919862
2020-02-25 00:00:00-05:00	146.51	147.07	141.261	141.72	4992106	62.1	62.28	59.46	59.72	29762432	174.2	174.84	167.6462	168.05	58615017	53.07	53.22	50.8	50.96	10074780
2020-02-26 00:00:00-05:00	142.9	144.06	139.6	139.76	4305738	60.11	60.82	59.27	59.65	22362889	169.71	173.26	168.21	170.16	49097842	51.31	53.14	51.24	52.06	13154573
2020-02-27 00:00:00-05:00	137.24	138.69	133.01	133.01	7309590	57.93	58.51	55.8	55.81	35348801	163.37	167.03	157.98	158.0	82876439	50.88	53.46	50.76	50.76	13387008
2020-02-28 00:00:00-05:00	129.98	131.09	126.36	130.09	10811607	54.3	56.38	53.6	55.66	52024406	152.41	163.71	152.0	162.11	85148699	49.24	49.89	47.905	49.44	19220563
2020-03-02 00:00:00-05:00	130.75	134.44	127.95	134.4	6658632	55.79	58.22	54.52	58.19	36442418	165.31	172.92	162.31	172.85	59743368	49.73	50.9	48.67	50.9	14869297
2020-03-03 00:00:00-05:00	134.48	136.095	127.8	128.82	6442568	58.03	59.02	55.4	55.96	43167487	173.8	175.0	162.26	164.38	62650846	50.62	51.84	48.25	48.85	19111974
2020-03-04 00:00:00-05:00	131.58	134.28	129.0	134.19	4102211	57.01	58.71	56.16	58.69	22972836	168.48	170.7	165.62	170.54	41535592	49.85	50.585	48.83	50.54	12416272
2020-03-05 00:00:00-05:00	130.5	132.29	128.45	129.53	4397516	57.06	58.66	56.61	56.95	24040937	166.1	170.87	165.69	166.24	55003134	49.23	49.68	47.745	48.02	18905291
2020-03-06 00:00:00-05:00	126.7	128.33	124.52	127.78	7260994	55.18	56.01	54.54	55.77	32356295	162.61	163.11	156.0	161.57	64129134	46.57	48.3	46.46	47.38	42272928
2020-03-09 00:00:00-04:00	120.16	122.41	117.28	117.68	9323646	51.92	52.71	50.0	50.82	46872860	150.91	157.75	150.0	150.62	62454509	44.91	47.57	44.66	45.97	45216886
2020-03-10 00:00:00-04:00	122.78	124.88	115.76	124.88	10325129	52.76	54.0	50.43	53.97	61716254	158.04	161.03	152.58	161.03	56396588	47.45	48.91	46.16	48.5	47734294
2020-03-11 00:00:00-04:00	121.01	122.58	116.3838	117.97	7569298	52.0	53.54	51.01	51.62	66051640	157.34	157.7	151.15	153.56	100064575	46.81	47.48	44.27	44.73	39326750
2020-03-12 00:00:00-04:00	109.65	109.8	102.28	102.81	11149760	47.99	50.091	45.37	45.525	44223134	145.3	153.47	138.58	138.76	81747972	41.115	43.395	39.71	39.79	41565464
2020-03-13 00:00:00-04:00	108.68	109.16	100.82	107.95	11050282	48.26	55.0	47.74	54.43	41345197	147.5	161.91	140.73	158.85	78011808	44.45	47.99	43.42	47.92	49872790
2020-03-16 00:00:00-04:00	98.0	107.41	95.0	99.08	9030392	47.54	52.25	43.63	44.545	92695518	140.0	149.35	135.0	135.4144	155635716	42.51	47.57	41.26	42.73	47147826
2020-03-17 00:00:00-04:00	100.61	107.395	97.1	106.7	8095551	45.755	51.63	45.2	50.075	43094498	140.0	147.4998	135.0	146.57	72989148	43.62	47.71	41.66	46.85	45279968
2020-03-18 00:00:00-04:00	99.41	106.9345	99.4	103.59	6317647	46.71	50.05	45.2	48.77	38914145	138.0	146.0	135.02	142.13	66830974	43.67	47.8	42.56	47.24	46307172
2020-03-19 00:00:00-04:00	102.33	103.69	98.235	100.34	7254964	47.84	49.23	45.16	45.94	77562584	142.77	150.15	139.0	142.67	143007530	46.47	47.97	44.87	45.09	34161590
2020-03-20 00:00:00-04:00	100.92	100.99	94.71	95.39	9811600	46.51	49.42	45.47	45.79	95698270	146.01	147.1	135.86	136.77	79911281	45.02	46.7	44.51	45.7	44151288
2020-03-23 00:00:00-04:00	94.6	97.74	90.56	94.75	8293302	46.13	50.49	45.9132	49.6	83776780	137.01	140.57	132.52	135.56	70948783	45.0	46.49	43.885	44.08	39896342
2020-03-24 00:00:00-04:00	99.99	106.04	99.26	105.42	6437114	53.14	54.64	51.35	52.4	41888928	143.75	149.6	141.27	148.34	71620681	45.33	48.01	45.3	47.87	33511370
2020-03-25 00:00:00-04:00	105.48	112.4779	102.83	105.8	6916715	52.48	53.785	49.91	51.26	34819505	148.91	154.33	144.44	146.85	65917270	47.1	48.74	45.48	45.9	42829014
2020-03-26 00:00:00-04:00	106.91	113.15	105.57	112.89	5564900	51.74	55.95	51.66	55.61	31377030	148.4	156.66	148.37	156.11	53636552	46.38	50.74	46.19	50.42	36687514
2020-03-27 00:00:00-04:00	108.58	111.5	107.645	107.93	5438786	53.42	54.64	52.065	52.35	25162095	151.75	154.89	149.2	149.61	48247560	49.09	51.6	48.5625	49.85	35139442
2020-03-30 00:00:00-04:00	108.09	113.46	107.81	112.89	4368209	52.99	56.1	52.83	55.49	27006249	152.44	160.6	150.01	160.3	113344210	50.4	51.585	49.59	50.35	35083638
2020-03-31 00:00:00-04:00	112.0	113.81	110.17	110.93	4790820	55.06	55.795	53.22	54.13	64044196	159.44	164.78	156.56	157.64	66265405	51.12	51.18	48.0	48.33	24729632
2020-04-01 00:00:00-04:00	106.36	109.92	104.521	105.07	5059211	52.5	54.69	51.43	51.86	47328496	153.0	157.75	150.82	151.94	51267295	46.55	48.99	46.04	48.72	30842312
2020-04-02 00:00:00-04:00	105.37	110.32	105.14	110.03	5092972	51.29	54.56	51.22	54.355	23408120	151.86	155.48	150.36	155.26	44283455	48.18	49.89	48.1	49.81	27888456
2020-04-03 00:00:00-04:00	108.92	110.07	104.92	106.39	3403507	53.85	55.13	52.73	54.15	27536209	155.1	157.38	152.19	153.8201	36820781	49.3	50.05	48.95	49.4	22977042
2020-04-06 00:00:00-04:00	110.35	115.63	110.13	114.76	5336134	56.63	58.77	56.12	58.43	51062824	160.17	166.5	157.58	165.27	110309126	50.4	51.88	50.345	51.45	21972188
2020-04-07 00:00:00-04:00	118.8	119.57	114.87	114.89	4628655	59.94	61.49	58.21	58.39	32897100	169.59	170.0	163.26	163.49	113427660	52.15	52.33	50.71	50.72	23981308
2020-04-08 00:00:00-04:00	116.31	119.96	115.0742	119.22	4077975	58.99	59.51	57.91	59.0	23268390	165.67	166.67	163.5	165.11	42992534	50.98	52.68	50.88	52.09	26114448
2020-04-09 00:00:00-04:00	120.48	122.92	120.1672	121.51	4747635	59.36	59.72	56.06	57.15	35778707	166.36	167.37	163.33	165.19	45817799	52.24	53.62	52.03	53.16	26139434
2020-04-13 00:00:00-04:00	121.63	121.8	118.04	121.19	4496817	56.57	58.77	56.57	58.74	41176080	164.35	165.57	162.3	165.51	74408746	52.7	53.14	52.4	52.96	20998102
2020-04-14 00:00:00-04:00	123.46	125.18	122.62	123.83	4078169	60.0378	60.9	59.51	60.67	41059286	169.0	173.75	168.0	173.7	92927769	53.71	54.1	53.45	54.0	19890276
2020-04-15 00:00:00-04:00	119.12	120.1852	116.76	118.74	4814128	59.74	59.83	58.385	58.86	51601621	171.2	173.57	169.24	171.94	105538921	53.21	53.453	52.81	53.16	18507150
2020-04-16 00:00:00-04:00	119.01	119.75	114.42	115.64	5307432	59.61	60.96	58.81	60.8	75409867	174.3	177.28	172.9	177.07	167649296	53.15	53.87	53.07	53.68	23269206
2020-04-17 00:00:00-04:00	119.3	120.39	117.92	120.11	4487479	62.02	62.13	59.825	60.34	61017498	179.5	180.0	175.87	178.6	132389675	54.52	54.72	53.97	54.63	21851068
2020-04-20 00:00:00-04:00	119.15	122.8635	118.14	120.58	5959708	59.279	60.04	58.89	59.17	68986654	176.63	178.75	174.99	174.99	95940393	54.05	54.58	53.8	53.92	18373472
2020-04-21 00:00:00-04:00	114.0	117.145	112.06	116.76	13506425	58.11	58.6	55.93	56.33	64007149	173.5	173.6699	166.1102	167.67	197600120	53.23	53.34	51.12	51.31	23118500
2020-04-22 00:00:00-04:00	119.87	120.33	117.55	119.38	5190375	58.27	60.4	57.81	60.12	52971329	171.39	173.97	170.82	173.725	79218493	52.03	52.49	51.77	52.27	15555370
2020-04-23 00:00:00-04:00	119.57	123.03	119.12	121.43	6086816	59.6735	60.1	58.81	59.04	67306915	174.11	175.06	170.91	171.43	113212881	52.23	52.99	51.45	51.96	17005416
2020-04-24 00:00:00-04:00	122.41	125.0	120.7634	124.72	4316300	56.2	59.4	56.1	59.27	91108389	172.06	174.56	170.71	174.54	86312145	52.41	53.05	51.955	53.0	14815932
2020-04-27 00:00:00-04:00	125.56	126.99	125.47	125.86	4266891	59.72	59.83	58.385	59.48	65451464	176.59	176.9	173.3	174.03	58799715	53.36	53.64	53.06	53.36	16181692
2020-04-28 00:00:00-04:00	128.03	128.2	125.38	126.25	4246930	59.99	60.22	58.26	58.73	21620833	175.59	175.67	169.39	169.79	29678984	53.9	54.1467	53.13	53.2	13351085
2020-04-29 00:00:00-04:00	128.88	129.31	127.53	128.71	4683487	59.44	62.03	59.32	61.79	25617313	173.22	177.68	171.88	177.3	39984236	53.95	54.28	53.69	53.86	13022040
2020-04-30 00:00:00-04:00	126.52	127.27	125.22	125.47	4897202	61.3666	61.54	59.75	59.96	34236642	180.0	180.4	176.23	179.22	89953339	53.47	53.595	52.8	52.92	16267308
2020-05-01 00:00:00-04:00	123.19	123.47	121.39	121.83	4420412	58.83	59.32	57.31	57.51	16979476	175.8	178.64	174.01	174.5	33950716	52.38	52.44	51.31	51.8	14534453
2020-05-04 00:00:00-04:00	120.82	121.97	119.391	121.68	3679507	57.12	58.07	56.31	57.99	15845138	174.49	179.0	173.8	178.84	53648238	51.71	51.79	51.1	51.78	12832354
2020-05-05 00:00:00-04:00	123.39	124.32	122.47	122.58	3564996	58.79	59.3	58.35	58.76	15003611	180.62	183.65	179.9	180.76	33345354	52.22	52.86	51.99	52.04	12329348
2020-05-06 00:00:00-04:00	123.24	124.05	122.41	123.16	3269655	59.04	59.95	58.94	59.19	13787971	182.08	184.2	181.6306	182.49	58901458	52.43	52.5	51.7	51.86	9530257
2020-05-07 00:00:00-04:00	122.98	123.26	120.85	121.2	3844109	59.93	60.0969	58.92	59.19	24819917	184.17	186.5	182.58	183.6078	48490207	52.4	52.92	52.28	52.6	10449140
2020-05-08 00:00:00-04:00	122.67	123.23	121.06	122.94	4243319	59.6694	59.78	59.05	59.67	25224510	184.9797	185.0	183.36	184.68	25074514	53.19	53.78	52.765	53.57	12969567
2020-05-11 00:00:00-04:00	121.81	123.45	120.67	122.55	3146511	59.74	60.84	59.71	60.11	16187545	183.15	187.51	182.85	186.65	50846893	53.13	53.83	53.06	53.52	13089365
2020-05-12 00:00:00-04:00	123.01	124.32	120.26	120.3	4248173	60.22	60.64	58.35	58.355	26624918	186.8	187.04	182.35	182.38	25981524	53.8	53.825	52.25	52.27	13537056
2020-05-13 00:00:00-04:00	119.95	119.99	114.85	115.74	5225568	58.45	59.23	56.9	57.74	35441610	182.55	184.05	176.54	179.78	77983499	52.42	52.49	51.28	51.65	14683240
2020-05-14 00:00:00-04:00	114.57	117.01	111.81	117.0	4788457	57.32	59.15	56.1	59.1	37304628	177.54	180.69	175.68	180.61	67951569	51.14	53.025	50.86	52.93	22995532
2020-05-15 00:00:00-04:00	115.93	117.39	115.25	117.0	3198919	57.4	58.37	56.96	58.3	18348993	179.06	187.06	177.0	183.39	73296528	52.7	53.985	52.52	53.07	36399066
2020-05-18 00:00:00-04:00	119.88	122.36	119.75	121.53	3577325	59.7406	60.28	59.36	59.9	28412453	185.75	186.2	183.96	184.9	30231512	53.91	53.95	53.07	53.15	16174753
2020-05-19 00:00:00-04:00	121.19	122.17	120.17	120.27	2865129	60.13	61.77	59.85	60.26	35553033	185.03	186.59	183.49	183.5	23888140	53.18	53.25	52.32	52.34	15679688
2020-05-20 00:00:00-04:00	120.93	122.4659	120.6	121.41	3056173	61.16	63.489	61.02	63.11	26729766	184.81	185.85	183.94	185.66	51732326	53.09	53.27	52.645	52.89	14604874
2020-05-21 00:00:00-04:00	120.99	121.72	118.97	119.15	3582557	63.095	63.8	61.82	61.99	18841399	185.4	186.67	183.3	183.49	25273422	52.76	52.94	52.12	52.22	11904920
2020-05-22 00:00:00-04:00	119.37	119.465	117.59	118.39	3219457	61.98	62.32	61.42	62.26	25330126	183.19	184.46	182.54	183.51	18361237	52.34	52.64	52.08	52.61	11530646
2020-05-26 00:00:00-04:00	121.3	122.62	121.0101	121.77	4608059	63.68	64.14	62.12	62.36	17659505	186.34	186.5	181.1	181.56	28773423	53.65	53.68	52.65	52.78	15456982
2020-05-27 00:00:00-04:00	123.94	125.83	123.47	125.53	5274510	62.32	63.59	61.07	63.57	34471420	180.2	181.9877	176.6	181.81	34654683	53.0	53.25	52.57	53.21	14124439
2020-05-28 00:00:00-04:00	126.87	126.97	124.22	124.55	3426987	63.0	63.45	61.49	61.7	27768104	180.74	184.1474	180.38	181.27	54218236	53.76	54.15	53.22	53.62	15756650
2020-05-29 00:00:00-04:00	123.67	125.13	122.24	124.79	3979127	61.9	63.66	61.62	63.02	17942563	182.73	184.27	180.41	183.96	29098645	53.62	53.94	52.99	53.72	17868466
2020-06-01 00:00:00-04:00	124.64	125.75	124.03	124.91	2537929	62.4851	62.66	61.66	61.86	12371299	182.54	183.0	181.46	182.86	20137325	53.28	53.385	52.79	53.05	13379291
2020-06-02 00:00:00-04:00	125.67	126.0	124.66	126.0	2185358	61.7	62.17	60.825	62.14	30622582	184.25	185.0	181.35	185.0	50070219	53.24	53.29	52.64	53.29	12608567
2020-06-03 00:00:00-04:00	127.15	129.595	127.0	129.0	3315038	62.45	62.54	61.53	61.93	13927063	184.815	185.94	183.58	185.36	22722209	53.33	53.62	52.985	53.49	12214502
2020-06-04 00:00:00-04:00	127.78	128.95	127.02	128.91	3331346	61.74	63.47	61.3438	62.98	37844948	184.3	185.84	182.3	182.95	49455619	53.23	53.689	52.63	52.85	15700026
2020-06-05 00:00:00-04:00	133.885	134.23	131.75	132.0	5137237	63.36	65.11	63.16	64.42	21306009	182.62	187.73	182.01	187.5	66044279	53.09	54.27	52.7412	53.94	20704386
2020-06-08 00:00:00-04:00	132.27	135.88	132.27	135.82	4513216	63.97	64.15	62.94	63.62	33025718	185.94	188.55	184.44	188.47	52985040	53.35	55.115	53.28	55.1	20092856
2020-06-09 00:00:00-04:00	133.52	133.6	131.02	131.86	4418150	62.9935	63.71	62.9	63.09	28649369	188.0	190.7	187.2605	190.07	51414137	55.0	55.06	53.88	54.19	15234564
2020-06-10 00:00:00-04:00	132.15	132.23	129.8	129.84	4183517	62.79	64.289	62.75	63.92	16021171	191.125	198.52	191.01	196.82	39155761	54.5	54.66	53.9	54.11	12167954
2020-06-11 00:00:00-04:00	126.03	126.1	117.8352	118.06	10644076	63.07	63.3	59.52	59.695	21238568	193.13	195.76	186.24	186.47	88735679	53.25	53.56	51.23	51.32	21344412
2020-06-12 00:00:00-04:00	121.25	123.12	120.47	120.515	2265796	60.11	60.96	59.03	59.03	13025614	190.54	191.72	188.13	188.14	10546675	52.45	53.0	51.94	51.94	5113490
2020-06-15 00:00:00-04:00	119.19	122.367	118.29	121.67	4299456	59.33	60.36	58.58	60.13	43500413	184.58	190.82	184.01	189.09	27287668	50.96	53.43	50.91	53.27	27086784
2020-06-16 00:00:00-04:00	125.0	127.5	123.16	125.3	4638324	61.49	61.65	59.49	60.48	37831393	192.89	195.58	191.46	193.67	34909883	54.46	55.0	53.78	54.66	31021226
2020-06-17 00:00:00-04:00	125.83	126.25	123.4	124.11	2744292	60.74	61.28	60.06	60.48	14226495	195.03	196.32	193.69	194.2	21175962	53.03	53.74	51.5	51.52	49519921
2020-06-18 00:00:00-04:00	123.0	124.4	122.33	124.13	2496691	60.35	60.51	59.32	60.1	17029243	194.0	196.49	194.0	196.32	37860859	51.6	53.995	51.32	53.69	34307334
2020-06-19 00:00:00-04:00	126.17	126.82	122.25	122.49	5889822	60.65	60.89	59.1	59.59	55487262	198.59	199.29	194.37	195.03	69471150	54.21	54.46	52.98	54.25	38692721
2020-06-22 00:00:00-04:00	122.12	122.5	120.53	121.01	4080921	59.73	60.545	58.83	60.13	19315637	195.79	200.76	195.2301	200.58	26980577	54.09	55.385	53.8802	55.12	14041822
2020-06-23 00:00:00-04:00	122.01	122.9	119.23	119.41	5670159	60.19	60.47	59.8612	59.91	19416681	202.09	203.95	201.425	201.889	27611231	55.3	55.965	55.13	55.18	16518187
2020-06-24 00:00:00-04:00	118.32	118.32	115.88	116.48	6044773	59.64	59.805	58.67	59.08	20533582	201.6043	203.25	196.56	197.84	30960564	55.12	55.68	54.33	54.46	15476795
2020-06-25 00:00:00-04:00	116.76	119.21	116.1	119.0	5475330	58.98	59.09	57.48	58.52	19303215	197.8	200.61	195.4675	200.36	23934120	54.4	54.59	53.54	54.52	14463614
2020-06-26 00:00:00-04:00	118.26	118.99	116.26	117.25	3448606	58.49	58.73	57.07	57.5	20203985	199.73	199.89	194.88	196.33	37651876	54.35	54.585	53.628	54.2	13422775
2020-06-29 00:00:00-04:00	117.98	119.78	117.37	119.78	3174804	57.47	58.35	56.76	58.31	14742242	195.78	198.53	193.55	198.5	22635986	54.23	54.96	53.845	54.78	13483716
2020-06-30 00:00:00-04:00	119.19	121.2	119.0	120.75	2948813	58.71	59.98	58.54	59.81	18463900	197.8816	204.4	197.74	203.5	26157887	54.8	55.44	54.495	55.26	15480524
2020-07-01 00:00:00-04:00	120.27	121.225	118.37	118.54	4197888	59.91	60.03	58.76	58.8	12314569	203.14	206.35	201.77	204.66	26758698	54.69	55.88	54.68	55.5	16760795
2020-07-02 00:00:00-04:00	119.69	121.42	119.26	119.78	3132850	59.19	59.81	58.97	59.13	11893321	205.68	208.02	205.0	206.21	25117323	55.79	56.425	55.65	55.94	13563876
2020-07-06 00:00:00-04:00	121.25	121.85	119.46	120.17	3191326	58.72	59.62	58.6	59.54	15033198	208.8335	211.13	208.09	210.69	26520093	56.195	56.825	56.16	56.58	13408003
2020-07-07 00:00:00-04:00	119.0	119.51	117.33	117.63	3643782	59.07	59.57	58.14	58.3	12955359	210.45	214.67	207.99	208.24	28760244	56.35	56.95	56.215	56.31	12061375
2020-07-08 00:00:00-04:00	118.06	118.64	116.48	117.75	4533569	58.45	58.695	57.93	58.62	11429440	210.07	213.26	208.69	212.84	28227213	56.63	56.68	55.99	56.67	11010598
2020-07-09 00:00:00-04:00	118.0	118.0	115.2	115.71	4269924	58.2	58.745	57.7	58.43	17556260	216.33	216.38	211.47	214.4	29002968	56.99	57.8	56.82	57.53	14857071
2020-07-10 00:00:00-04:00	115.5	118.5699	115.29	118.33	4010439	57.95	59.69	57.83	59.55	15142712	213.62	214.08	211.08	213.65	23260516	57.47	57.52	56.69	57.39	11686381
2020-07-13 00:00:00-04:00	119.78	120.99	118.66	119.25	4181240	59.84	60.62	58.39	58.57	16707981	214.48	215.8	206.5	207.1	33360005	57.4	57.835	56.97	57.02	14614752
2020-07-14 00:00:00-04:00	118.62	120.89	117.92	120.59	3881517	57.8735	59.25	57.345	58.96	17891229	206.13	208.85	202.03	208.39	33022403	56.67	57.29	56.48	57.205	14002533
2020-07-15 00:00:00-04:00	122.4	123.96	122.15	123.0	4072199	59.03	59.34	58.42	59.03	15241139	209.56	211.33	205.03	208.05	28638402	57.42	57.84	56.38	56.62	9384013
2020-07-16 00:00:00-04:00	122.68	124.48	122.16	124.02	3645021	58.54	59.36	58.4	59.105	10237059	205.4	205.7	202.31	203.88	26229978	56.42	56.49	55.575	55.9	7048464
2020-07-17 00:00:00-04:00	124.39	125.63	123.2	125.12	3660504	59.42	60.46	59.28	59.99	14132685	204.47	205.04	201.39	202.87	27682275	56.08	56.12	54.76	54.9	12375432
2020-07-20 00:00:00-04:00	126.07	127.07	125.14	126.35	5934982	60.08	61.38	59.34	61.15	14221377	205.0	212.3	203.01	211.49	30212430	54.88	55.515	54.69	55.38	10525765
2020-07-21 00:00:00-04:00	131.16	132.17	125.8	126.08	14885624	61.515	61.9275	60.44	60.7	15743924	213.66	213.94	208.03	208.75	32788138	55.8	56.335	55.58	55.91	9342814
2020-07-22 00:00:00-04:00	125.9	129.47	125.8	128.69	7021704	61.31	61.765	60.62	61.02	15857450	209.2	212.3	208.39	211.7533	38475627	55.7	56.175	55.7	56.04	9087105
2020-07-23 00:00:00-04:00	129.1	129.37	127.15	127.34	2601158	61.255	61.74	60.27	60.49	15665945	207.19	210.92	202.19	202.6	44102464	56.0	56.36	55.6	55.76	6643508
2020-07-24 00:00:00-04:00	126.48	127.6459	125.5	125.79	3175910	52.15	52.18	49.5	50.5885	171360353	200.42	202.86	197.51	201.3	36899369	55.47	56.035	55.26	55.66	7460359
2020-07-27 00:00:00-04:00	124.86	126.32	124.71	126.2	3217350	51.03	51.14	49.465	49.5655	98869733	201.47	203.97	200.86	203.85	25380708	55.66	55.95	55.32	55.33	9077015
2020-07-28 00:00:00-04:00	125.82	126.34	124.15	124.5	6356527	49.48	50.23	49.14	49.24	53174628	203.61	204.7	201.74	201.74	20736836	55.25	55.735	55.2	55.36	20851874
2020-07-29 00:00:00-04:00	124.56	125.99	124.07	125.32	4488664	49.49	49.5	47.9	48.08	57441396	202.5	204.65	202.01	204.06	17736721	55.56	55.9	55.35	55.71	13100070
2020-07-30 00:00:00-04:00	123.71	123.9046	121.64	122.915	7358874	47.83	48.5	47.59	48.0	37676906	201.0	204.46	199.57	203.89	22636526	55.0	55.48	54.89	55.25	13698068
2020-07-31 00:00:00-04:00	122.71	122.99	121.09	122.94	8253220	48.13	48.3216	46.97	47.74	39130979	204.4	205.1	199.01	205.1	41856673	55.18	55.47	54.325	55.44	15180690
2020-08-03 00:00:00-04:00	123.5	124.41	122.15	124.31	4736574	48.27	48.62	47.74	48.29	21653372	211.52	217.64	210.44	216.54	58751854	55.78	56.09	55.49	55.99	11424974
2020-08-04 00:00:00-04:00	123.82	125.86	123.82	125.86	6250233	48.6	49.14	48.5	49.14	26350256	214.17	214.77	210.31	213.35	44497157	55.78	56.01	55.53	56.01	10863424
2020-08-05 00:00:00-04:00	126.73	126.75	124.61	125.44	6055298	49.72	49.72	48.66	48.93	26818706	214.9	215.0	211.57	212.95	25586251	56.32	56.32	55.375	55.51	10631150
2020-08-06 00:00:00-04:00	125.0	126.26	125.0	126.09	5994794	48.79	48.82	48.1	48.58	21376785	212.34	216.3705	211.55	216.35	28392245	55.49	55.6	54.935	55.29	13857737
2020-08-07 00:00:00-04:00	123.5	125.07	123.21	124.95	5662552	48.53	48.65	47.7	48.04	34861240	214.85	215.7	210.93	212.44	24613984	55.01	55.24	54.755	55.24	15785512
2020-08-10 00:00:00-04:00	126.2	127.24	126.02	127.16	5917098	48.75	49.39	48.5213	49.22	21282560	208.91	210.73	206.35	208.33	24836201	55.225	55.62	54.88	54.94	15473050
2020-08-11 00:00:00-04:00	128.76	130.47	126.61	126.76	9266932	49.63	49.73	48.06	48.19	32574531	207.155	207.65	203.14	203.33	31829739	55.24	55.46	54.135	54.29	14390223
2020-08-12 00:00:00-04:00	127.61	127.79	125.876	126.68	5283712	48.67	49.26	48.24	49.19	27247985	205.29	210.28	204.75	209.29	24332646	54.52	54.7	53.97	54.18	14529199
2020-08-13 00:00:00-04:00	125.96	126.39	124.77	125.01	2882359	49.26	49.33	48.385	48.5638	21866770	209.44	211.35	208.15	208.72	20253372	53.91	54.195	53.6786	54.03	14744242
2020-08-14 00:00:00-04:00	124.2	125.56	123.91	125.27	2254467	48.73	49.21	48.65	48.9	19866313	208.76	209.59	207.51	208.89	15731496	54.03	54.555	53.77	54.2	4495105
2020-08-17 00:00:00-04:00	125.25	125.59	124.41	124.48	5743908	49.11	49.305	48.73	48.92	17851507	209.6	211.1874	208.915	210.2492	16406243	54.2	54.39	53.66	53.99	16085190
2020-08-18 00:00:00-04:00	125.0	125.5	124.24	124.94	5089864	49.26	49.57	48.62	48.65	17126329	210.53	212.36	209.21	211.48	17160224	55.62	56.925	54.87	55.18	39577922
2020-08-19 00:00:00-04:00	124.86	125.5	123.5	123.84	6589732	48.785	48.98	48.25	48.33	22672244	211.49	212.1	209.25	209.7	21610351	55.58	56.8	55.46	56.19	30342899
2020-08-20 00:00:00-04:00	123.2	124.04	122.81	123.15	4354898	49.81	50.2	49.0	49.17	51649938	209.54	215.0	208.91	214.55	22242269	55.59	55.81	55.09	55.26	19776360
2020-08-21 00:00:00-04:00	123.01	123.4842	122.31	123.19	5131278	49.02	49.31	48.65	49.3	30778314	213.86	216.25	212.85	213.02	28938393	55.38	55.45	54.73	55.22	15281626
2020-08-24 00:00:00-04:00	123.79	126.06	123.36	125.73	6787826	49.26	49.4	48.82	49.18	26811147	214.79	215.52	212.43	213.71	21225637	55.76	56.105	55.44	56.01	12664692
2020-08-25 00:00:00-04:00	126.0	126.82	124.49	124.64	4975572	49.35	49.88	49.21	49.44	31939217	213.1	216.61	213.1	216.4564	19095068	56.15	56.75	56.02	56.09	11872622
2020-08-26 00:00:00-04:00	124.95	125.12	123.95	124.17	5483333	49.39	49.67	49.23	49.55	26665225	217.88	222.09	217.36	221.15	32650657	56.34	57.49	56.059	57.49	18700732
2020-08-27 00:00:00-04:00	124.6	125.1	123.98	124.68	6272237	49.79	49.93	49.17	49.4	21615588	222.89	231.15	219.4	226.57	53708988	57.45	58.45	56.58	57.18	29818447
2020-08-28 00:00:00-04:00	124.96	125.3	124.2187	125.07	4961995	49.57	50.8	49.46	50.43	32788008	228.18	230.644	226.58	228.94	22496097	57.33	58.16	57.205	57.88	14687965
2020-08-31 00:00:00-04:00	125.25	125.25	123.03	123.2	7109406	51.0	51.5	50.32	50.92	35491568	227.0	228.7	224.31	225.06	22743408	57.13	57.76	57.035	57.17	17719892
2020-09-01 00:00:00-04:00	122.85	123.95	122.15	123.4	5376211	50.91	51.0	50.22	50.8	26624026	225.51	227.45	224.43	227.32	21619677	57.37	58.01	57.08	57.66	17531894
2020-09-02 00:00:00-04:00	123.72	128.7	123.575	128.18	11602245	51.21	52.68	51.09	52.24	49342738	227.97	232.86	227.35	231.46	29757321	57.72	59.32	57.72	59.03	24774932
2020-09-03 00:00:00-04:00	128.19	129.95	123.65	124.46	9479006	52.5	52.62	50.135	50.39	41619660	229.27	229.31	214.9602	217.3	49536774	58.72	58.99	56.65	57.1	27780244
2020-09-04 00:00:00-04:00	124.35	125.35	121.24	122.325	10681194	50.53	51.23	49.49	50.07	38672648	215.1	218.3599	205.19	214.14	52517540	56.88	57.265	55.155	55.74	26107950
2020-09-08 00:00:00-04:00	122.16	122.87	120.71	121.27	8388772	49.26	49.9	48.85	48.91	32938947	206.5	210.03	202.2	202.65	45494926	55.35	55.79	54.87	55.32	27347124
2020-09-09 00:00:00-04:00	122.13	123.7	121.29	122.26	6465605	49.53	49.9684	49.04	49.61	23918690	207.6	214.8399	206.7	211.18	38564566	56.16	57.4	55.8601	56.96	23525300
2020-09-10 00:00:00-04:00	123.02	123.09	120.24	120.59	5638709	49.905	50.045	48.71	48.97	23409399	212.46	213.2	204.11	205.38	25334530	57.88	58.12	56.75	56.8	29284497
2020-09-11 00:00:00-04:00	121.39	122.7	120.73	121.46	6277762	49.2635	50.05	48.95	49.27	26404297	207.2	208.63	201.24	204.04	28972254	60.71	61.86	56.87	57.0	77424549
2020-09-14 00:00:00-04:00	122.36	123.38	121.76	122.07	5812926	48.85	49.72	48.85	49.41	20956455	204.24	209.2	204.03	205.3	24505446	60.86	61.5	59.35	59.46	85352772
2020-09-15 00:00:00-04:00	122.75	123.4	122.24	122.42	2193019	49.79	50.6	49.73	50.0	26398793	208.42	209.78	206.93	208.85	17280355	60.01	61.6799	59.39	60.945	27982965
2020-09-16 00:00:00-04:00	122.71	125.82	122.71	124.22	2833291	50.51	51.03	50.165	50.36	24036606	210.62	210.65	204.64	204.94	22190641	61.12	61.39	59.65	60.43	17079417
2020-09-17 00:00:00-04:00	122.76	125.55	121.97	124.92	2142022	49.37	50.485	49.3	50.28	23189538	200.05	204.33	199.96	202.96	28217200	59.42	60.61	59.0	60.2	18502580
2020-09-18 00:00:00-04:00	124.85	124.92	122.65	122.76	2484389	50.33	50.5	49.04	49.89	32519813	202.8	203.65	196.25	200.45	42598816	59.98	60.29	59.425	59.76	18096983
2020-09-21 00:00:00-04:00	120.47	120.7	118.58	120.25	3522845	49.39	49.745	48.83	49.73	22739735	197.19	202.71	196.38	202.64	33789607	62.46	62.5999	60.03	60.83	29864457
2020-09-22 00:00:00-04:00	120.33	121.45	119.53	120.52	2130403	49.89	50.21	49.47	49.94	18861174	205.06	208.1	202.075	207.38	29316994	60.38	60.75	59.46	60.62	11702663
2020-09-23 00:00:00-04:00	120.8	121.59	118.43	118.84	2593187	49.83	50.145	48.66	48.83	24421302	207.9	208.1	200.03	200.59	25085940	60.13	60.49	58.9	58.96	11615983
2020-09-24 00:00:00-04:00	118.1	119.515	116.48	118.09	3119355	48.53	49.64	48.42	49.16	22719349	199.85	205.57	199.2	203.18	27541419	58.75	59.9	58.29	59.3	8124492
2020-09-25 00:00:00-04:00	117.6	119.41	116.94	118.99	2109328	48.96	50.28	48.75	49.93	20953215	203.55	209.04	202.54	207.77	25019068	59.27	59.99	58.96	59.8	7679292
2020-09-28 00:00:00-04:00	120.57	122.33	120.41	121.73	2523888	50.53	51.46	50.16	51.45	21689039	210.95	212.57	208.06	209.61	25144753	60.03	60.54	59.47	59.6	7485342
2020-09-29 00:00:00-04:00	121.41	122.1858	120.21	120.94	3346645	51.3	51.735	50.95	51.19	16126276	209.35	210.07	206.81	207.16	19544440	59.58	60.16	59.4	59.47	10320070
2020-09-30 00:00:00-04:00	121.38	122.91	120.8	121.53	4662097	51.24	52.38	51.15	51.77	18926132	207.73	211.97	206.54	210.32	23047500	59.52	60.39	59.37	59.66	15570735
2020-10-01 00:00:00-04:00	122.36	123.3	120.355	121.11	4627090	52.4	52.72	51.99	52.26	16538752	213.41	213.99	211.34	212.46	19324159	60.17	60.27	59.45	59.68	11677706
2020-10-02 00:00:00-04:00	119.04	121.75	118.82	120.56	4410247	51.5	51.9789	50.99	51.01	18777414	208.01	210.99	205.54	206.18	24933552	58.71	59.52	58.51	58.83	11615045
2020-10-05 00:00:00-04:00	121.84	122.75	121.05	121.9	5159578	51.3	51.81	51.27	51.7	16371564	207.25	210.41	206.98	210.37	16429213	59.44	59.6664	59.09	59.56	11353688
2020-10-06 00:00:00-04:00	122.58	124.83	121.59	121.98	5521829	51.71	52.7	51.23	51.37	18445576	208.82	210.18	204.82	205.91	21775105	59.51	60.53	59.405	59.49	16214499
2020-10-07 00:00:00-04:00	122.67	124.39	122.32	124.06	4272308	51.85	52.9	51.79	52.65	17305739	207.06	210.0	206.72	209.81	18882800	59.77	60.895	59.635	60.58	13755623
2020-10-08 00:00:00-04:00	130.86	135.5	129.77	131.49	43152848	52.86	53.58	52.67	53.38	19920604	210.51	211.19	208.32	210.63	16705317	60.79	61.3	60.63	60.89	11740286
2020-10-09 00:00:00-04:00	132.0	132.0	127.6	127.81	15116063	53.55	53.85	52.67	52.84	19186774	211.475	215.86	211.25	215.81	21433543	61.15	61.38	60.86	61.14	11559726
2020-10-12 00:00:00-04:00	128.07	128.25	126.44	127.2	7969696	53.46	54.2	53.21	53.88	21228025	218.79	223.86	216.81	221.41	32788186	61.24	61.83	61.07	61.46	13877319
2020-10-13 00:00:00-04:00	126.57	127.15	124.46	125.07	9544925	54.27	54.29	53.62	53.82	14926682	222.42	225.21	220.43	222.83	22734128	61.57	61.78	60.875	60.97	11314320
2020-10-14 00:00:00-04:00	125.13	126.94	125.13	125.88	5603099	53.97	54.4	53.51	53.53	15621965	223.03	224.22	219.13	220.93	18437546	61.35	61.525	60.85	60.96	10808883
2020-10-15 00:00:00-04:00	124.08	125.215	123.85	124.88	5412250	52.66	53.98	52.62	53.87	12670637	216.95	220.36	216.01	219.66	17503283	60.27	60.74	60.075	60.53	10543584
2020-10-16 00:00:00-04:00	125.17	126.43	124.655	125.9	6871909	53.9	54.7	53.9	54.165	19053151	220.5	222.29	219.32	219.65	20389051	60.71	61.11	60.26	60.3	10735992
2020-10-19 00:00:00-04:00	126.8	127.35	125.08	125.61	9537099	54.5999	55.69	53.87	54.6	33359769	220.415	222.3	213.72	214.24	18867731	60.39	60.7517	59.39	59.62	11513117
2020-10-20 00:00:00-04:00	119.8	120.15	116.84	117.4	39869560	54.6	54.7	53.27	53.42	21027680	215.8	217.35	213.0901	214.56	17716951	59.92	60.33	59.63	59.75	15347437
2020-10-21 00:00:00-04:00	116.66	117.6899	114.79	115.03	15381673	53.14	54.035	52.82	53.49	16227564	213.12	216.92	213.12	214.785	15789881	59.22	60.11	59.22	59.67	13740804
2020-10-22 00:00:00-04:00	115.0	116.06	112.98	115.7711	13567320	53.12	54.22	53.07	53.98	24736430	213.93	216.055	211.7	214.84	17544643	59.44	59.865	58.69	59.69	20644627
2020-10-23 00:00:00-04:00	116.5	116.62	115.58	115.99	6508769	48.36	48.665	47.66	48.2	88845400	215.18	216.28	213.16	216.26	14894492	59.9	60.16	59.7101	59.91	16725404
2020-10-26 00:00:00-04:00	114.45	114.9	111.84	112.24	12782124	47.83	47.83	46.25	46.72	47032155	213.85	216.3399	208.1	210.15	29374749	58.1	58.48	56.525	57.49	32753554
2020-10-27 00:00:00-04:00	112.15	112.22	110.03	110.56	10444774	46.02	46.41	45.36	45.65	40471075	211.59	214.67	210.329	213.15	25831216	57.64	57.98	57.02	57.08	19180817
2020-10-28 00:00:00-04:00	108.66	109.73	105.92	106.7	15173402	44.93	45.285	44.2	44.2618	32544578	207.67	208.84	202.1	202.71	41576211	56.27	56.6	55.53	55.62	19053907
2020-10-29 00:00:00-04:00	107.25	109.64	106.55	108.9	11305640	44.24	44.47	43.9201	44.11	27912888	203.96	207.36	203.37	204.39	25237813	55.2	56.755	55.14	56.03	23245243
2020-10-30 00:00:00-04:00	107.9	111.8	107.75	111.66	12951137	44.1	44.795	43.61	44.2906	34016048	203.5	204.29	199.62	202.58	27625644	55.75	56.635	55.45	56.1	19756890
2020-11-02 00:00:00-05:00	112.73	113.8265	112.2572	112.96	7511238	44.96	45.055	44.24	44.465	25906782	204.2735	205.28	200.13	202.32	23032873	56.44	57.47	56.115	56.44	17240538
2020-11-03 00:00:00-05:00	114.0	115.65	113.63	114.09	7266157	44.73	45.46	44.7	44.84	28579253	203.89	208.12	203.12	206.12	21783493	57.055	57.5	56.565	56.79	12537895
2020-11-04 00:00:00-05:00	112.33	113.91	111.16	111.95	9043033	45.11	46.15	44.78	45.7	26254310	214.02	218.32	212.4185	216.32	33010015	58.0	58.09	56.35	56.48	21217593
2020-11-05 00:00:00-05:00	113.3	115.29	113.01	114.76	8492407	46.15	46.38	45.525	45.68	23967853	221.9	224.11	221.15	223.29	28617137	57.46	57.65	56.415	56.66	15168642
2020-11-06 00:00:00-05:00	115.08	115.1	113.39	114.04	8004230	45.54	45.795	44.9	45.39	26960519	222.26	224.32	218.03	223.62	20598219	56.77	56.98	56.15	56.8	12442909
2020-11-09 00:00:00-05:00	117.88	119.74	115.27	115.52	14716428	46.63	47.35	45.54	45.6	37598108	224.435	228.12	217.88	218.34	31345985	58.19	59.08	56.77	56.84	18233565
2020-11-10 00:00:00-05:00	116.69	118.17	116.25	117.85	9691602	45.4	46.48	45.25	45.44	29075635	214.5	216.5	209.72	211.02	37784540	56.91	57.24	56.2	56.66	14848204
2020-11-11 00:00:00-05:00	118.12	118.35	116.22	117.15	7703869	45.9	46.455	45.86	46.34	25288205	212.54	218.04	212.2	216.4	24660239	57.06	57.63	56.8	57.2	13271220
2020-11-12 00:00:00-05:00	115.63	116.37	113.48	114.5	11608248	46.13	46.19	44.55	44.96	34720500	217.21	219.11	214.46	215.47	17289434	57.255	57.49	56.1	56.45	12264823
2020-11-13 00:00:00-05:00	115.19	117.095	115.01	116.9	5815355	44.99	45.57	44.99	45.5666	22877117	216.53	217.38	214.18	217.31	12459320	56.88	57.07	56.545	56.925	7284256
2020-11-16 00:00:00-05:00	118.3	118.55	117.12	118.42	8472960	46.04	46.75	45.79	46.195	30943417	214.87	217.74	214.52	217.39	19104246	57.02	57.61	56.875	57.16	9956864
2020-11-17 00:00:00-05:00	117.6	118.54	117.07	117.7	6802324	45.75	46.12	45.405	45.54	27850596	216.1	217.68	214.08	214.47	20050273	57.0	57.39	56.81	57.1101	9040657
2020-11-18 00:00:00-05:00	117.72	118.88	116.75	116.75	6830502	45.55	45.685	45.04	45.04	28626985	213.65	215.17	210.93	210.97	23800497	57.12	57.29	56.24	56.24	12949901
2020-11-19 00:00:00-05:00	116.54	117.45	115.89	117.2	6020602	44.92	45.67	44.7	45.62	25572660	211.38	213.03	209.93	212.31	20398304	56.09	56.48	55.56	56.45	16577167
2020-11-20 00:00:00-05:00	117.6	118.04	116.69	116.93	7618487	45.66	45.88	45.33	45.39	18598233	212.2	213.285	210.0	210.34	18107933	56.36	56.44	55.68	55.7	13763956
2020-11-23 00:00:00-05:00	117.43	120.515	117.27	120.09	9614767	45.48	46.21	45.45	46.04	23782505	210.95	212.29	208.16	210.09	19156083	55.85	56.57	55.77	56.08	13184807
2020-11-24 00:00:00-05:00	120.86	124.73	120.805	124.46	12795528	46.29	47.3	46.01	47.0	28898718	209.59	214.25	208.86	213.86	29057043	56.6	57.9	56.36	57.57	16681890
2020-11-25 00:00:00-05:00	122.93	124.33	122.11	124.21	7516271	47.03	47.18	46.57	47.05	20897066	215.11	215.29	212.46	213.75	17654795	57.72	57.76	57.26	57.42	11118304
2020-11-27 00:00:00-05:00	124.2	125.313	123.91	124.35	3415374	47.36	48.1	47.36	47.45	14683056	214.85	216.27	214.04	215.29	11370505	57.4	57.87	57.15	57.78	9193882
2020-11-30 00:00:00-05:00	124.1	125.0	123.09	123.55	4329180	47.42	48.5	47.265	48.47	27754301	214.1	214.76	210.835	214.24	24831149	57.61	58.195	57.2	57.76	9536114
2020-12-01 00:00:00-05:00	123.9	125.83	123.08	123.2	4325221	48.75	50.225	48.71	49.56	47250744	214.51	217.32	213.35	216.21	25444010	58.2	59.28	58.01	58.75	10583813
2020-12-02 00:00:00-05:00	122.85	124.64	122.41	124.63	3153251	49.22	50.06	49.18	49.91	27489195	214.88	215.47	212.8	215.42	17971949	58.29	59.265	58.14	59.09	7752028
2020-12-03 00:00:00-05:00	124.16	124.86	123.29	123.6	3976189	49.92	51.11	49.78	51.03	34445826	214.61	216.3757	213.65	214.27	19489315	59.22	59.98	59.06	59.28	7728419
2020-12-04 00:00:00-05:00	123.97	127.38	123.64	127.17	4919108	51.06	52.65	51.0	51.985	34868146	214.22	215.38	213.18	214.4	19718805	59.31	60.55	59.27	59.97	9387630
2020-12-07 00:00:00-05:00	126.49	126.97	124.57	124.7	4548675	51.0	51.29	49.56	50.22	40268481	214.37	215.54	212.99	214.32	17290027	59.96	60.2	59.63	59.8	9590858
2020-12-08 00:00:00-05:00	125.32	126.33	124.64	125.71	3853807	49.83	50.72	49.81	50.69	23811067	213.97	216.95	212.89	215.99	18248687	58.99	59.71	58.22	59.03	12306755
2020-12-09 00:00:00-05:00	125.8	127.69	125.7	126.8	5148467	50.28	50.8383	49.73	50.05	26795083	215.16	215.225	211.214	211.41	25270464	58.89	59.91	58.8	59.73	10548781
2020-12-10 00:00:00-05:00	126.35	126.93	124.94	124.96	4088292	49.66	50.72	49.59	50.25	22271971	211.77	213.08	210.36	210.515	21350370	59.51	59.81	59.04	59.46	10305481
2020-12-11 00:00:00-05:00	124.08	125.51	123.61	124.27	3356218	50.14	50.14	49.115	49.75	22819849	210.05	213.32	209.11	213.27	25404751	60.94	61.0	59.42	60.585	13914450
2020-12-14 00:00:00-05:00	125.32	126.2435	123.47	123.53	3105540	49.82	51.34	49.74	50.45	23688110	213.1	216.21	212.88	214.19	22719582	60.83	61.6593	60.69	60.74	14314610
2020-12-15 00:00:00-05:00	124.39	125.93	123.44	125.93	3253298	50.98	51.01	50.21	50.67	20470564	215.165	215.42	212.24	214.16	20310863	61.09	62.19	60.9	61.87	13503901
2020-12-16 00:00:00-05:00	125.93	126.5728	125.286	125.53	3463918	50.71	51.46	50.68	51.12	21343711	214.75	220.11	214.72	219.19	28250581	61.87	63.19	61.85	62.78	12555893
2020-12-17 00:00:00-05:00	126.08	126.09	124.91	125.5	2935265	51.15	51.32	50.22	50.6583	16764279	219.87	220.89	217.92	219.42	24306195	62.99	64.05	62.73	63.61	12212154
2020-12-18 00:00:00-05:00	125.59	126.4	124.97	125.97	4731094	50.57	50.68	47.11	47.46	61795761	218.59	219.69	216.02	218.15	31957813	63.48	65.335	63.43	65.08	18115183
2020-12-21 00:00:00-05:00	123.97	124.18	121.72	123.35	5240316	46.32	46.45	45.24	46.39	48380218	217.55	224.0	217.2801	222.57	29644731	63.89	65.19	63.88	64.58	14275216
2020-12-22 00:00:00-05:00	123.31	124.22	122.41	123.61	3051549	46.25	46.34	45.765	46.19	24791451	222.69	225.63	221.85	223.97	19271948	64.56	66.0	64.43	65.26	14089469
2020-12-23 00:00:00-05:00	123.88	125.21	123.74	123.9	2374965	46.165	47.03	46.07	46.57	19616296	223.11	223.5589	220.8	221.02	15366146	65.26	66.2	65.15	65.3	11150015
2020-12-24 00:00:00-05:00	125.0	125.1	124.21	124.78	1635692	46.6	47.09	46.34	47.07	10939666	221.42	223.61	221.2	222.71	9704782	65.05	65.59	64.78	64.95	3320413
2020-12-28 00:00:00-05:00	125.1	126.6	124.46	124.82	2833750	47.19	47.635	46.86	47.08	18065004	224.45	226.03	223.02	224.96	15814383	65.41	65.69	64.75	64.87	5913831
2020-12-29 00:00:00-05:00	125.35	125.48	123.24	123.82	3124666	47.22	50.6667	46.49	49.375	81948758	226.31	227.18	223.58	224.29	15518607	65.25	65.27	64.225	64.47	7000085
2020-12-30 00:00:00-05:00	123.8	124.85	123.63	124.43	2921086	49.11	49.19	48.56	48.74	29512726	225.23	225.63	221.47	221.68	16214759	64.8	64.91	64.345	64.41	4531968
2020-12-31 00:00:00-05:00	124.22	126.03	123.99	125.8	2929352	48.75	50.19	48.72	49.82	25275498	221.7	223.0	219.68	222.37	15660731	64.34	64.77	64.01	64.67	5361582
