	ENPH	ENPH	ENPH	ENPH	ENPH	SPCE	SPCE	SPCE	SPCE	SPCE	SQ	SQ	SQ	SQ	SQ	UBER	UBER	UBER	UBER	UBER
	open	high	low	close	volume	open	high	low	close	volume	open	high	low	close	volume	open	high	low	close	volume
time																				
2019-01-02 00:00:00-05:00	4.63	4.93	4.61	4.905	629853.0						54.1	57.83	53.56	57.13	12680319					
2019-01-03 00:00:00-05:00	4.86	4.98	4.74	4.775	1223121.0						55.58	56.73	52.26	52.4711	18397355					
2019-01-04 00:00:00-05:00	4.86	5.11	4.8307	5.085	1617535.0						54.4	59.66	53.8611	58.0215	29065071					
2019-01-07 00:00:00-05:00	5.12	5.39	4.9	5.27	1383242.0						59.0	61.29	58.0501	60.62	16722213					
2019-01-08 00:00:00-05:00	5.33	5.48	5.205	5.35	1129931.0						62.6	63.8002	61.15	63.05	20136281					
2019-01-09 00:00:00-05:00	5.41	5.77	5.41	5.62	1180286.0						63.3	66.9	62.56	65.99	20142741					
2019-01-10 00:00:00-05:00	5.54	5.77	5.44	5.62	990237.0						64.75	66.2	63.72	66.04	12710550					
2019-01-11 00:00:00-05:00	5.6	5.7	5.57	5.69	751183.0						65.69	67.64	65.2201	66.17	14023190					
2019-01-14 00:00:00-05:00	5.64	5.84	5.48	5.83	1349926.0						64.72	65.72	63.74	65.18	11402402					
2019-01-15 00:00:00-05:00	5.9	6.18	5.82	6.1385	2270179.0						65.14	66.77	64.8601	65.7384	11198518					
2019-01-16 00:00:00-05:00	6.13	6.74	6.1	6.69	3637672.0						66.34	67.63	65.23	65.78	12506363					
2019-01-17 00:00:00-05:00	6.78	7.2	6.75	6.8101	3221768.0						66.1	69.7	65.95	68.8075	20145418					
2019-01-18 00:00:00-05:00	6.85	6.98	6.425	6.5099	1992224.0						69.7	72.2	69.24	72.18	21230976					
2019-01-22 00:00:00-05:00	6.48	6.77	6.41	6.59	1507358.0						71.61	71.75	67.27	67.57	18038368					
2019-01-23 00:00:00-05:00	6.61	6.66	6.39	6.4999	931645.0						69.58	70.59	68.02	69.0	16962651					
2019-01-24 00:00:00-05:00	6.5	6.68	6.44	6.66	1457772.0						69.37	74.03	69.3001	73.8399	23611530					
2019-01-25 00:00:00-05:00	6.72	6.83	6.515	6.705	1427667.0						74.9	78.15	74.5	77.985	24054782					
2019-01-28 00:00:00-05:00	6.64	7.09	6.64	6.905	1391743.0						75.39	77.01	74.12	76.35	14917258					
2019-01-29 00:00:00-05:00	6.99	7.19	6.94	7.09	1584546.0						72.26	72.43	68.05	68.5326	31132841					
2019-01-30 00:00:00-05:00	7.14	7.29	7.04	7.14	1431750.0						71.01	71.57	68.72	71.45	17302085					
2019-01-31 00:00:00-05:00	7.16	7.58	7.1	7.23	2376425.0						70.03	73.8599	69.98	71.47	14304836					
2019-02-01 00:00:00-05:00	7.26	7.35	6.6	6.99	4243816.0						71.05	71.2798	69.72	70.935	11878579					
2019-02-04 00:00:00-05:00	7.02	7.06	6.8	7.0	1147013.0						71.0	72.62	70.4	71.8299	10008850					
2019-02-05 00:00:00-05:00	6.87	7.33	6.865	7.3215	1778151.0						73.0	75.17	72.31	72.4872	18178605					
2019-02-06 00:00:00-05:00	7.3	7.53	7.26	7.325	1356909.0						72.31	73.28	70.82	72.69	9522044					
2019-02-07 00:00:00-05:00	7.32	7.6	7.27	7.485	1718888.0						71.77	72.98	70.52	71.995	8909092					
2019-02-08 00:00:00-05:00	7.4	7.55	7.27	7.435	1020666.0						70.62	73.41	70.23	73.4	9129451					
2019-02-11 00:00:00-05:00	7.55	7.78	7.45	7.76	2295765.0						74.56	75.88	73.56	74.35	12212644					
2019-02-12 00:00:00-05:00	7.9	7.94	7.46	7.61	1777856.0						75.55	75.89	74.8429	75.56	8250192					
2019-02-13 00:00:00-05:00	7.65	7.84	7.5109	7.67	1142036.0						76.0	77.2473	75.4	75.595	9734532					
2019-02-14 00:00:00-05:00	7.63	7.83	7.61	7.66	993613.0						74.89	76.0599	73.8	75.72	7041348					
2019-02-15 00:00:00-05:00	7.72	7.78	7.56	7.61	1147650.0						76.22	76.8547	75.1	75.62	6743864					
2019-02-19 00:00:00-05:00	7.57	7.65	7.41	7.56	1560094.0						75.96	77.1	75.793	76.6101	6711375					
2019-02-20 00:00:00-05:00	7.49	7.52	7.01	7.24	2310788.0						77.0	77.67	75.11	75.95	8271208					
2019-02-21 00:00:00-05:00	7.26	7.53	7.26	7.37	1163372.0						75.95	76.5	74.135	74.43	7411328					
2019-02-22 00:00:00-05:00	7.42	7.78	7.38	7.77	1504350.0						74.88	76.08	74.85	76.07	7179289					
2019-02-25 00:00:00-05:00	7.82	8.15	7.71	8.06	2077674.0						77.8	78.56	76.78	77.12	8325968					
2019-02-26 00:00:00-05:00	8.01	8.18	7.85	8.1	2205613.0						77.3	78.19	76.8664	77.94	8160316					
2019-02-27 00:00:00-05:00	8.4	9.1192	8.2	8.86	5807605.0						78.0	79.56	77.39	79.346	15271539					
2019-02-28 00:00:00-05:00	9.0	9.4	8.7731	9.07	3415906.0						75.92	82.78	74.57	81.24	39761840					
2019-03-01 00:00:00-05:00	9.11	9.3	9.025	9.1	3035032.0						80.97	81.03	76.69	77.4762	21447712					
2019-03-04 00:00:00-05:00	9.19	9.24	8.65	8.78	3180957.0						77.99	78.49	73.05	74.68	16203449					
2019-03-05 00:00:00-05:00	8.76	8.86	8.31	8.71	1845792.0						74.89	76.51	73.76	76.03	9205588					
2019-03-06 00:00:00-05:00	8.85	9.075	8.2	8.38	2303848.0						75.55	75.95	74.29	75.1	6960580					
2019-03-07 00:00:00-05:00	8.34	8.63	8.24	8.3	1698399.0						74.79	75.2863	73.18	74.09	8646931					
2019-03-08 00:00:00-05:00	8.19	8.4792	8.03	8.46	1749057.0						71.95	74.4	71.1	74.4	8277788					
2019-03-11 00:00:00-04:00	8.44	8.9	8.43	8.84	2237383.0						74.99	75.95	74.62	75.525	7495677					
2019-03-12 00:00:00-04:00	8.84	9.04	8.78	8.99	1316228.0						76.0	78.0	75.8	76.8	8654400					
2019-03-13 00:00:00-04:00	9.05	9.38	9.05	9.35	1659824.0						77.39	78.85	76.95	77.84	8011693					
2019-03-14 00:00:00-04:00	9.35	9.53	9.23	9.38	1768952.0						78.0	78.72	77.1	77.39	6172851					
2019-03-15 00:00:00-04:00	9.4	9.44	9.03	9.06	1921494.0						77.825	77.97	76.25	76.6299	5876207					
2019-03-18 00:00:00-04:00	9.18	9.7	9.18	9.66	1418119.0						76.61	76.83	73.51	75.23	12574234					
2019-03-19 00:00:00-04:00	8.86	9.46	8.8	9.2	3804074.0						76.955	77.27	76.1058	76.82	5485553					
2019-03-20 00:00:00-04:00	9.14	9.4	9.0	9.18	1440920.0						76.18	76.23	73.95	75.25	9113707					
2019-03-21 00:00:00-04:00	9.22	9.565	9.15	9.38	1633195.0						74.87	78.74	74.77	78.54	10330013					
2019-03-22 00:00:00-04:00	9.35	9.48	9.04	9.2	1573893.0						78.24	79.2	74.95	75.13	9527083					
2019-03-25 00:00:00-04:00	9.19	9.2	8.61	9.03	1951353.0						74.45	75.4735	73.33	74.53	7865333					
2019-03-26 00:00:00-04:00	9.09	9.09	8.565	8.71	1929665.0						75.66	75.77	73.16	73.93	8612292					
2019-03-27 00:00:00-04:00	8.74	8.83	8.5749	8.8	970595.0						75.38	75.6	71.64	72.96	11130589					
2019-03-28 00:00:00-04:00	8.82	9.1	8.76	9.08	1279094.0						73.66	74.78	72.85	74.27	6921995					
2019-03-29 00:00:00-04:00	9.17	9.395	9.15	9.23	1604283.0						74.62	75.54	74.25	74.93	5621125					
2019-04-01 00:00:00-04:00	9.15	9.32	9.055	9.26	1065353.0						75.59	76.7	75.1	76.32	5222046					
2019-04-02 00:00:00-04:00	9.27	9.42	9.16	9.35	1119552.0						76.05	76.5699	75.13	75.6	6274418					
2019-04-03 00:00:00-04:00	9.4	9.79	9.4	9.68	2303008.0						75.99	77.84	75.99	77.07	9126140					
2019-04-04 00:00:00-04:00	9.6	9.7399	9.47	9.52	1141970.0						76.79	77.23	73.63	74.57	10317213					
2019-04-05 00:00:00-04:00	9.53	9.98	9.53	9.83	2488965.0						75.23	76.48	74.73	75.06	6876164					
2019-04-08 00:00:00-04:00	10.0	10.25	9.965	10.24	2201849.0						74.76	75.33	73.76	75.01	5474533					
2019-04-09 00:00:00-04:00	10.24	10.36	10.0	10.04	1855664.0						74.63	75.9	74.4	74.62	6404019					
2019-04-10 00:00:00-04:00	10.01	10.3	10.01	10.15	1687177.0						75.06	75.65	73.92	74.74	7496801					
2019-04-11 00:00:00-04:00	10.18	10.18	9.76	9.8	1758060.0						75.05	76.05	74.9407	75.49	6633502					
2019-04-12 00:00:00-04:00	9.93	10.088	9.8466	9.93	1101445.0						76.35	76.46	74.8177	75.29	6064917					
2019-04-15 00:00:00-04:00	9.99	10.183	9.41	9.58	2036844.0						75.23	76.33	74.095	74.385	6395735					
2019-04-16 00:00:00-04:00	9.62	9.755	9.56	9.66	1109570.0						74.9	75.1795	72.77	73.5	6111007					
2019-04-17 00:00:00-04:00	9.75	9.78	9.6114	9.73	851425.0						73.89	73.9	72.21	72.74	5444358					
2019-04-18 00:00:00-04:00	9.73	9.8354	9.39	9.45	1149086.0						72.5	72.75	69.79	70.71	10750796					
2019-04-22 00:00:00-04:00	9.43	9.4389	9.15	9.28	1376593.0						70.05	72.88	70.0	72.59	5991700					
2019-04-23 00:00:00-04:00	9.32	9.86	9.23	9.7401	1963843.0						72.99	73.2	72.02	72.46	5778141					
2019-04-24 00:00:00-04:00	9.78	10.0	9.64	9.82	1252657.0						72.7	73.56	71.7303	72.01	5331301					
2019-04-25 00:00:00-04:00	9.85	9.99	9.76	9.92	1084713.0						72.34	73.5	72.01	72.66	6093991					
2019-04-26 00:00:00-04:00	9.92	10.47	9.9	10.43	4279744.0						73.15	73.17	70.855	71.51	7081108					
2019-04-29 00:00:00-04:00	10.38	10.49	10.195	10.21	1905589.0						71.54	73.87	71.5	72.7	7843352					
2019-04-30 00:00:00-04:00	10.29	10.29	9.8	10.05	2134032.0						72.59	73.85	72.27	72.82	6330074					
2019-05-01 00:00:00-04:00	12.3	13.2	12.0	12.975	15294259.0						73.95	74.73	73.171	73.67	12270720					
2019-05-02 00:00:00-04:00	12.4	13.04	12.36	12.94	3509876.0						69.8	70.5	66.05	67.73	33369047					
2019-05-03 00:00:00-04:00	12.93	13.8792	12.93	13.83	3954682.0						67.91	68.67	66.6	68.52	8847087					
2019-05-06 00:00:00-04:00	13.5	13.895	13.4301	13.74	2394985.0						65.46	70.29	65.41	70.21	12633902					
2019-05-07 00:00:00-04:00	13.65	14.29	13.65	14.21	3189606.0						69.98	70.34	67.37	68.41	10006668					
2019-05-08 00:00:00-04:00	14.27	14.32	13.55	13.925	2301599.0						68.22	68.29	66.78	67.28	9511284					
2019-05-09 00:00:00-04:00	13.83	13.91	13.189	13.555	2462962.0						66.53	66.62	64.6845	66.38	8756458					
2019-05-10 00:00:00-04:00	13.45	14.13	13.42	14.02	2537195.0						65.93	67.09	64.46	65.99	7376481	42.0	45.0	41.06	41.55	188381218.0
2019-05-13 00:00:00-04:00	13.65	13.95	13.27	13.7	2189137.0						63.9	64.31	61.65	62.38	13060125	38.79	39.24	36.08	37.25	73053827.0
2019-05-14 00:00:00-04:00	13.75	14.16	13.75	14.02	2064018.0						62.99	65.24	62.483	64.12	9499767	38.31	39.96	36.85	39.9597	43044206.0
2019-05-15 00:00:00-04:00	13.96	14.64	13.93	14.58	2561257.0						63.6	65.21	63.44	65.2	6176223	39.37	41.88	38.1	41.19	34700495.0
2019-05-16 00:00:00-04:00	14.65	14.9484	14.2	14.82	2331221.0						65.11	67.15	65.0525	66.41	8319371	41.48	44.06	41.25	42.93	31886739.0
2019-05-17 00:00:00-04:00	14.75	14.8862	14.41	14.64	1706628.0						65.22	66.49	64.65	65.3	5990392	41.98	43.29	41.27	41.91	19145886.0
2019-05-20 00:00:00-04:00	14.58	14.65	13.85	14.29	2147021.0						64.15	64.6999	63.58	64.38	6150295	41.19	41.68	39.46	41.53	19361272.0
2019-05-21 00:00:00-04:00	14.4	15.0	14.28	14.87	1969287.0						65.21	66.09	65.15	65.94	5161468	42.0	42.24	38.02	41.5	10033574.0
2019-05-22 00:00:00-04:00	14.86	15.25	14.83	15.22	2305333.0						65.68	67.0427	65.66	66.4472	6286847	41.05	41.28	40.5	41.2554	8752213.0
2019-05-23 00:00:00-04:00	15.1	15.15	14.46	14.68	2585836.0						65.05	65.33	62.77	63.75	8513464	40.8	41.09	40.02	40.47	10650924.0
2019-05-24 00:00:00-04:00	14.79	15.4	14.79	15.37	2425446.0						64.15	65.04	63.76	64.66	6485619	41.28	41.48	40.5	41.47	7561249.0
2019-05-28 00:00:00-04:00	15.39	15.94	15.39	15.8	2918782.0						65.2	67.67	65.1	65.84	8831587	41.7	41.8	40.6	40.89	8365295.0
2019-05-29 00:00:00-04:00	15.8	16.29	15.49	16.285	2371290.0						65.06	65.06	62.7	63.23	9713666	40.52	40.71	39.1473	39.9	13270376.0
2019-05-30 00:00:00-04:00	15.92	15.99	14.9	15.76	6594998.0						63.78	64.29	63.2	63.65	5283966	40.07	40.38	39.5	39.8	20749689.0
2019-05-31 00:00:00-04:00	15.4	15.4	14.56	15.17	5218894.0						62.24	62.5	61.31	61.95	6841438	41.15	41.57	39.41	40.3925	21663963.0
2019-06-03 00:00:00-04:00	15.09	15.77	14.97	15.71	2310188.0						61.95	62.5435	59.8922	60.63	8539312	40.7435	41.85	40.24	41.2595	16022095.0
2019-06-04 00:00:00-04:00	15.92	16.29	15.81	15.96	2584204.0						61.55	63.45	60.73	63.3997	7446086	42.56	42.88	40.7	42.7499	21626368.0
2019-06-05 00:00:00-04:00	16.0	16.11	15.52	15.92	2281067.0						63.45	65.64	63.43	64.93	8859706	42.87	45.66	42.5	45.005	27575204.0
2019-06-06 00:00:00-04:00	15.95	16.0599	15.53	15.68	2028764.0						64.88	65.87	64.2	65.79	5617154	45.0	45.75	44.28	44.91	15568421.0
2019-06-07 00:00:00-04:00	15.71	16.87	15.71	16.37	3146633.0						66.48	69.07	66.16	68.45	9305410	44.92	45.67	44.13	44.17	11375406.0
2019-06-10 00:00:00-04:00	16.78	16.85	16.1	16.19	3093886.0						69.57	71.7	69.12	70.37	9524944	44.02	44.59	42.53	42.625	11153590.0
2019-06-11 00:00:00-04:00	16.41	17.15	16.27	17.08	3862295.0						71.2	71.88	69.11	70.17	6505321	43.22	43.65	41.8	42.5	8616482.0
2019-06-12 00:00:00-04:00	17.22	17.545	17.01	17.09	4190250.0						70.0	70.92	69.53	70.49	6318445	42.52	42.65	41.71	42.15	5603713.0
2019-06-13 00:00:00-04:00	17.5	17.68	16.71	17.5	8291767.0						70.76	72.75	70.53	72.18	7697066	43.05	44.35	42.0	44.3	9326667.0
2019-06-14 00:00:00-04:00	17.41	17.48	17.0	17.34	5163056.0						71.81	72.08	70.92	71.58	4843929	44.75	44.8	43.11	43.23	7541777.0
2019-06-17 00:00:00-04:00	17.46	17.7875	17.145	17.76	2726109.0						72.0	72.93	71.8	72.24	5017965	43.28	44.079	42.93	43.77	5623140.0
2019-06-18 00:00:00-04:00	17.95	19.13	17.92	18.8	4630412.0						72.9	73.505	71.6	71.8346	6563648	44.3	44.89	43.75	43.86	6914311.0
2019-06-19 00:00:00-04:00	19.01	19.06	18.0	18.63	3632705.0						71.77	72.78	71.27	72.65	5464848	44.46	45.5	43.95	44.84	9898150.0
2019-06-20 00:00:00-04:00	18.4	18.74	18.15	18.4	3071487.0						73.76	74.55	73.31	74.42	7908379	45.03	45.29	43.51	43.86	8534844.0
2019-06-21 00:00:00-04:00	18.22	18.3	17.63	17.65	2677239.0						74.08	74.2595	72.29	72.9	5486927	43.85	44.14	43.38	43.99	4275571.0
2019-06-24 00:00:00-04:00	17.65	18.299	17.46	17.48	2393330.0						72.98	73.679	72.52	72.705	3805796	44.0	44.07	42.82	43.09	5417572.0
2019-06-25 00:00:00-04:00	17.42	17.47	16.15	16.29	4019565.0						72.93	73.17	69.26	69.86	10074748	43.28	43.79	42.4431	43.08	5389712.0
2019-06-26 00:00:00-04:00	16.4	16.94	16.32	16.78	2339819.0						70.98	72.0	69.91	69.96	6326499	43.25	43.4	42.36	42.54	5634252.0
2019-06-27 00:00:00-04:00	16.91	18.07	16.9	17.93	2327074.0						70.57	71.54	70.05	71.3	4277773	43.35	45.3	43.2	45.11	14389769.0
2019-06-28 00:00:00-04:00	18.1273	18.28	17.64	18.23	2434926.0						72.85	73.1476	71.57	72.505	5283368	45.55	47.08	45.13	46.14	19303677.0
2019-07-01 00:00:00-04:00	18.8	18.88	18.15	18.29	3277777.0						73.9	74.2	72.72	73.22	7149895	46.98	47.04	44.12	44.27	16637515.0
2019-07-02 00:00:00-04:00	18.25	18.6592	17.96	18.57	1832959.0						72.98	73.97	72.65	73.97	5057092	44.55	44.68	43.75	43.99	11259021.0
2019-07-03 00:00:00-04:00	18.67	19.23	18.67	18.98	1827602.0						74.0	74.32	73.35	74.2638	2695082	44.0	44.46	43.79	44.235	3163966.0
2019-07-05 00:00:00-04:00	19.01	19.715	18.56	19.65	2407335.0						73.75	74.36	73.2	74.32	3324184	44.31	44.55	43.01	43.515	7784226.0
2019-07-08 00:00:00-04:00	19.63	20.18	19.28	19.96	3473349.0						73.8	74.0	73.06	73.41	3645351	43.59	43.85	42.75	42.96	8829228.0
2019-07-09 00:00:00-04:00	20.0	20.59	19.86	20.41	3573109.0						74.03	78.39	73.96	78.03	20228108	43.18	44.23	42.98	44.19	4964661.0
2019-07-10 00:00:00-04:00	20.58	20.6323	19.09	19.88	4706172.0						77.91	78.7	77.4	78.38	8761826	44.75	44.8	43.56	43.695	8525212.0
2019-07-11 00:00:00-04:00	20.005	20.37	19.22	19.47	4135652.0						78.45	79.96	78.43	79.445	7417456	44.1	44.29	43.31	43.99	6543587.0
2019-07-12 00:00:00-04:00	19.57	19.93	19.32	19.66	3165982.0						80.05	82.66	79.73	82.33	12759124	44.16	44.24	43.39	43.97	7076277.0
2019-07-15 00:00:00-04:00	19.82	19.9	19.28	19.66	2409974.0						82.48	82.51	81.2	82.1019	5486179	44.2	44.7	43.97	44.53	5535308.0
2019-07-16 00:00:00-04:00	19.72	20.5856	19.52	20.34	3639359.0						81.8	81.8	80.31	80.57	5424193	44.6	44.98	44.02	44.1432	5268534.0
2019-07-17 00:00:00-04:00	20.31	20.54	20.1	20.18	2195591.0						80.21	82.17	80.19	80.86	5864913	44.06	44.35	43.52	43.61	5469254.0
2019-07-18 00:00:00-04:00	20.15	20.77	20.03	20.66	5215714.0						80.87	82.14	80.22	81.03	6147836	43.5	43.85	43.19	43.73	3874059.0
2019-07-19 00:00:00-04:00	20.72	21.17	20.58	20.8	3232587.0						81.61	81.7	78.42	78.48	6383837	43.9	44.086	43.16	43.18	3751694.0
2019-07-22 00:00:00-04:00	21.03	21.28	20.68	21.26	2867263.0						79.13	79.63	78.38	78.57	3587292	43.25	43.72	43.01	43.68	3487325.0
2019-07-23 00:00:00-04:00	21.38	21.5143	19.14	19.65	5347048.0						79.0	79.37	77.8605	78.85	3329924	43.75	44.31	43.11	43.34	4810946.0
2019-07-24 00:00:00-04:00	19.65	20.0739	19.36	20.01	2339106.0						78.67	80.5	78.43	80.42	4248846	43.36	43.87	43.36	43.77	3571366.0
2019-07-25 00:00:00-04:00	20.45	20.46	19.72	19.8	2508495.0						80.15	81.09	79.13	80.04	4233926	43.72	43.96	43.21	43.41	4195054.0
2019-07-26 00:00:00-04:00	19.89	20.84	19.8	20.8	2991536.0						80.63	82.32	80.63	81.81	5232657	43.42	44.96	43.39	44.52	7294342.0
2019-07-29 00:00:00-04:00	21.0	21.32	20.14	21.21	3403210.0						81.88	81.92	79.06	80.23	6374983	45.0	45.61	43.12	43.88	8056107.0
2019-07-30 00:00:00-04:00	21.0	21.7	20.7	21.65	4136607.0						80.23	81.19	79.38	80.48	4970037	43.71	43.74	42.49	42.61	7387650.0
2019-07-31 00:00:00-04:00	26.31	28.93	26.29	28.15	21207280.0						81.17	81.95	79.01	80.4	6347082	42.6	42.98	41.84	42.14	5528787.0
2019-08-01 00:00:00-04:00	28.58	31.165	28.2	30.11	11358822.0						81.1	83.2	80.0	81.1435	12532692	42.14	42.5355	41.0	41.31	7013438.0
2019-08-02 00:00:00-04:00	29.49	29.89	28.35	29.12	4880629.0						70.8	70.81	67.61	69.599	30963732	41.03	41.06	39.95	40.4	6621175.0
2019-08-05 00:00:00-04:00	27.8	28.47	26.11	27.445	6571149.0						66.2	66.5	63.685	64.8475	20470758	39.35	39.42	38.4325	39.05	9172100.0
2019-08-06 00:00:00-04:00	28.01	29.536	28.0	28.71	4802904.0						66.85	67.4	63.15	64.6	13242844	39.68	40.808	38.36	39.13	8131364.0
2019-08-07 00:00:00-04:00	28.77	31.3027	28.26	30.7899	5749798.0						63.18	65.26	62.85	65.01	8234850	39.06	39.99	38.32	39.7	7170155.0
2019-08-08 00:00:00-04:00	31.07	31.69	29.81	31.57	4110032.0						66.07	66.57	64.93	66.3	7579890	41.98	43.0	41.25	42.975	19810324.0
2019-08-09 00:00:00-04:00	31.48	32.8	30.83	31.83	4117865.0						65.97	66.12	64.32	65.0	6624573	39.56	40.68	38.71	40.035	31767023.0
2019-08-12 00:00:00-04:00	31.07	32.07	30.52	30.89	4969257.0						64.02	64.2365	60.2523	62.29	8059176	39.83	39.95	37.0	37.015	19258777.0
2019-08-13 00:00:00-04:00	30.69	32.36	30.57	32.165	3198332.0						62.0	63.5	61.52	63.01	9549778	37.0	37.46	36.12	36.45	18137473.0
2019-08-14 00:00:00-04:00	31.81	31.95	29.21	30.23	5665585.0						61.85	62.35	60.47	61.53	8201600	36.0	36.2999	33.36	33.96	23503075.0
2019-08-15 00:00:00-04:00	30.63	30.8131	29.51	29.78	3305193.0						62.01	62.68	61.24	61.99	6718508	34.52	34.55	32.92	33.21	12685560.0
2019-08-16 00:00:00-04:00	30.35	32.4	30.22	32.04	4881208.0						62.61	63.21	62.13	62.87	4808868	33.46	35.48	33.4	35.2204	13157634.0
2019-08-19 00:00:00-04:00	32.9	33.89	32.5	33.39	5040517.0						64.0	64.433	63.2	64.11	6216124	35.53	35.8	34.37	34.58	10426464.0
2019-08-20 00:00:00-04:00	33.25	34.63	32.6401	33.88	3975358.0						64.24	65.105	63.8276	64.4	6492371	34.48	36.07	34.39	35.28	10371442.0
2019-08-21 00:00:00-04:00	34.435	35.09	34.21	34.82	3284977.0						65.32	66.14	64.81	65.42	5276442	35.5	35.83	34.75	34.91	7524812.0
2019-08-22 00:00:00-04:00	34.76	35.1141	33.18	33.75	4623714.0						65.92	65.97	63.37	64.67	4453740	34.8	34.91	33.52	34.0	7996799.0
2019-08-23 00:00:00-04:00	33.34	34.8699	33.17	33.41	3711447.0						64.3	65.05	61.4	61.83	8577801	33.65	34.23	33.12	33.42	7781023.0
2019-08-26 00:00:00-04:00	33.73	34.64	33.33	34.64	3456846.0						62.92	63.52	62.36	62.82	4419056	33.67	33.83	33.06	33.3	5134367.0
2019-08-27 00:00:00-04:00	34.88	35.42	32.92	33.02	4774670.0						63.16	63.43	61.12	61.74	4760140	33.69	34.24	32.98	33.11	6257599.0
2019-08-28 00:00:00-04:00	32.84	33.9	32.11	33.2699	3905655.0						61.28	62.219	60.6	62.14	4316453	32.56	33.05	32.26	32.59	6075352.0
2019-08-29 00:00:00-04:00	33.83	33.9936	29.9	31.1499	8235951.0						63.02	63.41	62.3	62.85	4108275	32.9	33.3	32.6	32.76	5536779.0
2019-08-30 00:00:00-04:00	31.62	31.8	28.7	29.66	6753085.0						63.15	63.46	61.1507	61.81	5351797	33.0	33.13	32.04	32.55	6363620.0
2019-09-03 00:00:00-04:00	28.79	29.89	27.605	27.69	6477962.0						62.43	63.98	60.96	61.15	9097144	32.1	32.53	30.665	30.7	11614843.0
2019-09-04 00:00:00-04:00	27.65	28.1389	26.7	27.87	4737306.0						61.75	62.69	60.77	61.09	5719634	30.91	32.36	30.85	31.99	9630448.0
2019-09-05 00:00:00-04:00	28.6	28.9278	24.57	25.2861	9676607.0						61.88	63.47	61.669	63.045	7034988	32.33	33.03	32.25	32.49	7301436.0
2019-09-06 00:00:00-04:00	25.32	26.22	24.24	25.41	6771786.0						63.5	63.85	61.89	61.98	4499840	32.71	32.74	31.41	31.845	6655850.0
2019-09-09 00:00:00-04:00	25.27	25.4	23.36	23.8	5792119.0						62.55	62.73	59.07	61.45	10767654	32.05	32.39	31.46	32.24	6996270.0
2019-09-10 00:00:00-04:00	23.09	23.87	22.61	23.29	4543813.0						60.72	62.1	59.45	60.5	8696469	32.0	33.74	31.65	33.51	10406355.0
2019-09-11 00:00:00-04:00	23.39	25.09	23.35	24.72	5469026.0						60.85	60.85	58.91	59.18	10199098	33.38	35.14	33.02	34.0	14126370.0
2019-09-12 00:00:00-04:00	25.13	25.4	21.23	22.1938	16378087.0						59.5	59.86	57.75	57.79	14364486	34.14	34.4862	33.33	34.09	7309022.0
2019-09-13 00:00:00-04:00	21.8	22.99	21.54	22.07	6314904.0						57.18	58.85	55.91	58.32	10880712	34.25	34.435	32.94	33.25	8835390.0
2019-09-16 00:00:00-04:00	23.57	24.9248	23.1	23.25	6177024.0						57.34	59.63	57.24	59.25	11050446	33.6	34.8	33.47	34.41	7571951.0
2019-09-17 00:00:00-04:00	23.07	25.47	22.89	25.07	5875113.0						60.2	60.7	59.15	59.54	8662367	34.75	34.75	33.55	34.29	5044232.0
2019-09-18 00:00:00-04:00	25.31	25.78	24.5	25.18	4441556.0						59.78	60.42	58.76	59.73	7895397	34.35	34.89	33.75	34.26	6383357.0
2019-09-19 00:00:00-04:00	25.27	27.585	25.27	27.12	7020823.0						59.96	60.18	58.41	59.03	6872176	34.2	34.64	33.68	33.82	6459367.0
2019-09-20 00:00:00-04:00	27.35	27.72	26.07	27.41	5682249.0						59.0	59.14	56.925	57.83	7256535	33.98	34.2173	32.5	32.58	9923312.0
2019-09-23 00:00:00-04:00	27.1474	27.5	25.64	27.22	4824827.0						57.07	57.45	56.39	56.75	7975880	32.52	33.01	32.06	32.99	5231570.0
2019-09-24 00:00:00-04:00	27.27	27.45	24.42	25.01	5981458.0						56.85	58.75	54.4101	57.53	18630546	33.0	33.1453	31.01	31.3	10110937.0
2019-09-25 00:00:00-04:00	24.96	25.6353	24.5	25.06	2955919.0						57.42	58.89	56.2288	58.51	8790565	31.27	31.72	30.76	31.65	7653191.0
2019-09-26 00:00:00-04:00	25.06	25.5	23.06	23.19	4502749.0						60.04	61.15	59.83	60.8	14501040	31.72	32.13	31.13	31.55	5889638.0
2019-09-27 00:00:00-04:00	23.18	23.4	22.16	22.25	3935014.0						60.98	61.65	59.93	60.76	10204866	31.71	31.9	30.13	30.2698	11424132.0
2019-09-30 00:00:00-04:00	22.49	22.74	21.62	22.22	4003963.0						60.96	62.28	60.85	62.005	6817288	30.4	30.735	30.17	30.43	4762143.0
2019-10-01 00:00:00-04:00	22.07	22.29	21.38	21.71	2896826.0						62.3	62.99	61.26	61.61	7092451	30.37	30.51	28.65	29.16	12903685.0
2019-10-02 00:00:00-04:00	21.27	21.94	20.23	21.9	3914922.0						61.23	61.23	58.86	60.06	8467829	28.67	29.55	28.31	29.0	8409261.0
2019-10-03 00:00:00-04:00	21.95	22.48	21.2	22.41	3315715.0						59.48	62.44	59.06	62.06	7669650	28.97	29.88	28.52	29.72	9052672.0
2019-10-04 00:00:00-04:00	22.83	23.52	22.1169	23.44	6038397.0						62.51	62.92	61.44	62.64	4927641	29.9	30.18	28.9	29.62	8247283.0
2019-10-07 00:00:00-04:00	23.67	24.1705	22.78	23.75	6985703.0						62.24	62.85	61.69	62.25	3568869	30.6	30.75	29.83	30.41	9573814.0
2019-10-08 00:00:00-04:00	23.65	24.44	23.3	24.25	5903134.0						61.85	62.19	60.63	60.81	3953392	30.01	30.15	29.17	29.27	7459474.0
2019-10-09 00:00:00-04:00	24.39	24.6	23.12	24.22	6589409.0						61.43	62.52	61.27	62.235	3809829	29.62	29.62	28.81	29.04	6674042.0
2019-10-10 00:00:00-04:00	24.17	25.46	24.0	24.53	7395326.0						62.25	62.63	61.56	62.01	3551936	29.21	29.28	28.58	28.87	7318508.0
2019-10-11 00:00:00-04:00	24.71	25.26	23.88	24.28	6155623.0						62.76	63.56	61.5	61.53	8429864	28.95	30.4	28.94	30.09	9480163.0
2019-10-14 00:00:00-04:00	24.36	25.0	24.14	24.75	3902509.0						61.52	62.29	61.4	61.83	3513271	30.22	31.54	29.8186	31.12	7373787.0
2019-10-15 00:00:00-04:00	24.65	25.0697	23.3	24.14	6144445.0						62.22	64.49	62.22	64.29	5921035	31.2	32.17	31.195	32.02	7503969.0
2019-10-16 00:00:00-04:00	23.91	24.345	23.16	24.16	4153657.0						63.82	63.88	62.56	63.01	3988849	31.8	32.38	31.4376	31.85	7305910.0
2019-10-17 00:00:00-04:00	24.29	25.26	23.75	25.12	4885901.0						63.02	64.55	63.02	63.38	4963997	31.8	32.93	31.45	32.57	6878660.0
2019-10-18 00:00:00-04:00	25.0	25.8899	24.42	24.74	5652660.0						63.17	63.439	59.7825	60.46	7229285	32.55	32.66	31.27	32.04	7281229.0
2019-10-21 00:00:00-04:00	24.9271	26.3	24.6848	25.87	2944396.0						60.7	61.48	59.8301	61.15	5146863	31.95	32.2828	31.185	31.405	6738390.0
2019-10-22 00:00:00-04:00	26.05	26.19	23.115	23.71	6484440.0						61.28	61.49	58.55	58.82	6622409	31.41	33.89	30.22	32.525	18712947.0
2019-10-23 00:00:00-04:00	23.56	24.9022	23.3	23.385	4243166.0						58.9	59.69	57.62	58.34	6638894	32.87	33.27	32.17	33.04	6536786.0
2019-10-24 00:00:00-04:00	23.6	23.95	22.59	23.21	4672527.0						59.62	61.77	59.59	61.69	7491185	33.0	33.42	32.51	33.235	6469134.0
2019-10-25 00:00:00-04:00	23.21	24.725	21.84	24.55	6895325.0						61.48	63.25	61.11	62.8701	4778462	33.2	33.48	32.61	32.66	7775467.0
2019-10-28 00:00:00-04:00	24.51	26.0	24.06	25.43	5487689.0	12.34	12.93	11.49	11.9	12573970.0	62.82	63.43	61.91	62.82	5728913	32.9	33.355	32.5	33.21	7123265.0
2019-10-29 00:00:00-04:00	25.59	27.61	24.1907	25.19	11600510.0	12.04	12.51	10.5	10.99	6084981.0	62.8	63.6168	62.38	62.41	3882295	32.37	32.92	31.8146	32.42	9045856.0
2019-10-30 00:00:00-04:00	21.53	22.0	18.59	18.75	26684502.0	11.09	11.16	10.5	10.6101	2774409.0	62.51	62.73	61.475	62.1859	4591440	32.51	33.8	32.11	33.71	10063232.0
2019-10-31 00:00:00-04:00	19.45	19.95	18.68	19.42	8433375.0	9.2251	9.5499	8.955	9.3	3336872.0	61.24	61.8	61.04	61.46	2674577	31.6901	31.93	31.26	31.48	8820752.0
2019-11-01 00:00:00-04:00	19.43	19.53	18.59	18.84	6814047.0	9.41	9.71	9.09	9.55	2524093.0	61.57	62.8143	61.46	62.61	5726454	31.45	31.7	30.7412	31.34	9982031.0
2019-11-04 00:00:00-05:00	18.92	19.13	17.18	17.955	11532680.0	9.76	9.78	9.25	9.35	2186340.0	63.3	63.83	62.36	62.39	5681347	31.45	31.75	30.12	31.08	23380215.0
2019-11-05 00:00:00-05:00	17.55	18.75	17.3	18.6	5393416.0	9.54	9.84	8.56	9.68	5154969.0	62.5	62.55	59.91	61.05	7526146	29.13	29.3	27.97	28.0125	48351876.0
2019-11-06 00:00:00-05:00	18.54	19.18	17.87	18.19	4603567.0	9.72	9.8	9.46	9.64	1353412.0	61.33	61.93	60.5779	61.34	8996255	26.06	27.55	25.58	26.935	118974365.0
2019-11-07 00:00:00-05:00	18.32	18.7748	17.71	18.0	3535319.0	9.67	9.875	9.54	9.81	1125613.0	61.91	66.6	60.54	64.41	22907678	26.8	27.42	26.45	27.34	62123650.0
2019-11-08 00:00:00-05:00	17.96	18.49	17.87	18.43	2631730.0	9.88	10.0	9.82	9.98	1447135.0	63.18	63.4507	61.33	62.49	11205833	27.48	27.62	26.915	27.02	39098835.0
2019-11-11 00:00:00-05:00	18.4	19.255	18.27	18.76	3795281.0	10.32	10.35	10.03	10.19	1502683.0	61.88	64.895	61.88	63.77	11499800	27.03	27.21	26.23	27.13	35480855.0
2019-11-12 00:00:00-05:00	18.87	19.57	18.81	19.115	3430655.0	10.25	10.25	10.01	10.1	1035899.0	63.88	63.99	60.82	61.53	10632757	27.38	27.66	26.665	26.7	29387049.0
2019-11-13 00:00:00-05:00	19.01	19.1	18.2447	18.92	3225914.0	10.05	10.14	9.63	9.72	1469269.0	61.3	62.14	60.85	61.54	4516877	26.47	26.82	26.14	26.71	30306913.0
2019-11-14 00:00:00-05:00	18.88	19.04	18.0784	18.995	2733921.0	9.7	9.77	9.51	9.66	782537.0	61.65	63.0	61.35	62.99	7030723	26.8	26.86	25.665	26.01	26392306.0
2019-11-15 00:00:00-05:00	18.63	19.68	18.35	19.32	3655436.0	9.7	9.7	9.47	9.63	863268.0	63.2	64.72	63.1	64.7	7324499	26.18	26.8	25.955	26.8	38908372.0
2019-11-18 00:00:00-05:00	19.97	20.0	18.47	18.61	5780977.0	9.68	9.69	9.51	9.55	492537.0	64.5	66.38	64.23	65.74	7128841	26.8	27.0	26.3	26.75	33788076.0
2019-11-19 00:00:00-05:00	18.75	19.365	18.2156	19.18	4604430.0	9.5	9.61	9.32	9.39	515117.0	65.7	66.5	65.14	66.4	6579275	26.77	27.22	26.61	27.03	29652167.0
2019-11-20 00:00:00-05:00	19.05	19.5756	18.025	18.13	5075936.0	9.4	9.48	8.98	9.09	1454775.0	66.36	67.75	66.02	67.18	7386093	27.06	28.4	26.945	28.03	50597777.0
2019-11-21 00:00:00-05:00	18.25	18.83	17.6	18.825	5299005.0	9.3	9.3399	8.3024	8.45	3216770.0	67.17	67.67	66.28	67.4	7388111	28.67	29.6	28.5	29.46	52040594.0
2019-11-22 00:00:00-05:00	18.96	19.5	18.28	19.3787	4841430.0	8.53	8.6181	7.26	7.615	6397368.0	67.49	68.07	67.0345	67.75	5223037	29.84	30.13	29.21	29.565	38928322.0
2019-11-25 00:00:00-05:00	19.31	21.21	19.25	21.15	7790590.0	7.68	7.72	6.9	7.21	5731394.0	68.32	69.53	68.09	68.21	7486377	28.69	29.6	28.38	29.13	30863971.0
2019-11-26 00:00:00-05:00	21.17	21.82	20.77	21.49	3903241.0	7.19	7.51	7.16	7.26	1834126.0	69.13	69.28	67.93	68.97	7424200	29.49	30.15	29.36	29.53	23347980.0
2019-11-27 00:00:00-05:00	21.45	23.09	21.31	23.02	6102407.0	7.25	7.47	7.07	7.32	1512010.0	68.94	69.73	68.4	69.65	4185206	29.42	29.59	28.88	29.48	17755298.0
2019-11-29 00:00:00-05:00	23.04	23.38	21.37	21.87	4127455.0	7.48	7.48	7.18	7.24	756203.0	69.34	69.6	68.94	69.16	2052060	29.41	29.85	29.25	29.59	7679647.0
2019-12-02 00:00:00-05:00	21.91	22.34	21.08	22.085	4203835.0	7.33	7.5199	7.1359	7.43	1325385.0	68.95	68.96	66.11	66.9	5551077	29.23	29.525	28.7	28.99	14611705.0
2019-12-03 00:00:00-05:00	22.56	24.1381	22.33	23.74	9432985.0	7.41	7.5	7.29	7.49	1151164.0	65.3	67.33	64.68	67.05	4243750	28.2	29.33	28.15	29.03	23739233.0
2019-12-04 00:00:00-05:00	23.93	24.7147	23.29	24.26	5446793.0	7.52	7.54	7.2	7.22	1196586.0	67.47	68.43	67.19	67.82	3462524	29.1	29.2	28.7	29.06	21531038.0
2019-12-05 00:00:00-05:00	24.34	24.58	22.82	23.38	5423406.0	7.3	7.48	7.205	7.23	1133648.0	67.59	67.89	66.66	67.18	3315776	28.94	28.99	28.18	28.63	19146844.0
2019-12-06 00:00:00-05:00	23.46	24.17	23.02	24.11	3759587.0	7.34	7.34	7.22	7.28	833495.0	67.67	68.3232	67.61	67.98	3589513	28.4	28.925	27.8001	27.87	28158442.0
2019-12-09 00:00:00-05:00	24.15	24.56	23.67	24.04	3774702.0	7.87	8.75	7.85	8.42	9417070.0	67.78	68.06	66.72	67.11	3423657	27.96	28.36	27.7	27.7	17550168.0
2019-12-10 00:00:00-05:00	23.98	24.31	23.27	24.0	5106833.0	8.8	9.7	8.8	8.97	11277899.0	67.3	67.4299	65.42	65.83	5090124	27.73	27.993	27.605	27.9	17992014.0
2019-12-11 00:00:00-05:00	24.12	24.77	23.9306	24.21	4538566.0	9.21	9.42	9.05	9.34	4763678.0	65.9	66.07	64.875	65.67	5909576	27.99	28.545	27.8497	28.43	21086141.0
2019-12-12 00:00:00-05:00	24.3	25.29	23.65	23.66	5995511.0	9.55	9.5797	8.86	9.17	4023012.0	65.65	66.2	65.09	65.85	4282136	28.29	28.75	28.19	28.67	21848844.0
2019-12-13 00:00:00-05:00	23.9	25.5	23.9	24.6	6224400.0	9.19	9.275	8.75	9.03	2059752.0	66.02	66.34	64.4849	64.79	6093798	28.58	28.84	28.27	28.5	23840869.0
2019-12-16 00:00:00-05:00	25.0	25.95	24.53	25.76	5600106.0	9.0	9.38	8.98	9.29	2876441.0	65.0	67.3	65.0	66.47	4974643	29.11	30.13	29.1	30.03	41530745.0
2019-12-17 00:00:00-05:00	25.74	26.13	25.45	25.84	4493653.0	9.26	9.38	9.2013	9.3	2178939.0	66.53	66.55	65.12	65.55	4075216	30.37	30.42	29.53	29.73	28759211.0
2019-12-18 00:00:00-05:00	25.97	26.5	24.89	25.74	4310217.0	9.3	9.67	9.3	9.57	3093070.0	65.91	66.3	65.1	65.13	2818020	29.62	30.14	29.34	30.13	26099337.0
2019-12-19 00:00:00-05:00	25.8	26.63	25.8	25.9538	5282330.0	9.51	10.5	9.51	10.38	5538063.0	64.9	65.57	64.12	64.5	5249758	29.84	30.17	29.5301	29.96	24426627.0
2019-12-20 00:00:00-05:00	26.05	26.43	25.59	25.92	4123573.0	10.5	10.89	10.2	10.84	5938239.0	64.57	65.13	63.55	63.61	5401113	30.1	31.03	29.85	30.49	48492603.0
2019-12-23 00:00:00-05:00	25.95	27.03	25.85	26.81	4750730.0	10.99	11.0	10.57	10.96	3544859.0	63.52	64.22	62.675	62.8	4602897	30.49	30.94	29.83	30.3385	23997531.0
2019-12-24 00:00:00-05:00	26.89	27.17	26.59	27.0	1870858.0	11.05	11.49	11.01	11.4	2438124.0	62.8	64.02	62.37	63.96	3378703	30.33	30.84	30.11	30.48	12157042.0
2019-12-26 00:00:00-05:00	27.16	27.585	26.58	27.34	3816669.0	11.5	11.87	10.59	10.9	5647628.0	64.08	64.9153	63.73	64.05	3719205	30.47	30.79	30.03	30.68	18491859.0
2019-12-27 00:00:00-05:00	27.35	27.4899	26.535	26.75	2599035.0	10.87	11.7	10.62	11.57	6689653.0	64.33	64.4	63.06	63.82	4073113	30.8	31.06	30.17	30.18	16221565.0
2019-12-30 00:00:00-05:00	26.71	26.852	25.23	25.37	4172270.0	11.6	11.72	11.08	11.5	3991009.0	63.5	63.76	61.55	61.8	6077125	30.13	30.2	29.35	29.75	16134251.0
2019-12-31 00:00:00-05:00	25.16	26.19	24.75	26.13	3259977.0	11.32	11.64	11.3	11.55	1836160.0	61.15	62.7	61.0	62.56	5005015	29.11	29.95	28.9	29.73	15215857.0
2020-01-02 00:00:00-05:00	26.37	29.35	26.04	29.34	7582721.0	11.7	11.89	11.43	11.79	3794792.0	62.99	64.05	62.95	63.83	4571798	29.94	31.0	29.79	30.99	18861776.0
2020-01-03 00:00:00-05:00	28.79	29.73	28.38	29.28	4682579.0	11.54	11.9	11.5	11.82	2253140.0	62.59	63.27	62.33	63.0	4870465	30.62	31.43	30.48	31.37	17618472.0
2020-01-06 00:00:00-05:00	29.05	29.66	27.83	29.65	4462305.0	11.81	11.8482	11.05	11.39	3010279.0	61.36	62.58	61.13	62.57	5681852	31.01	32.06	31.0	31.58	19647381.0
2020-01-07 00:00:00-05:00	29.82	30.2	28.66	29.995	5193241.0	11.4	11.45	11.0609	11.37	1671093.0	64.57	65.49	63.66	64.57	9016472	31.79	32.84	31.36	32.81	25774477.0
2020-01-08 00:00:00-05:00	29.68	31.5	29.44	31.0	5194943.0	11.12	11.5	11.11	11.42	1728781.0	64.56	68.0	64.15	67.6	11080356	32.73	34.52	32.5	33.93	41183756.0
2020-01-09 00:00:00-05:00	31.62	32.37	30.96	31.58	6153054.0	11.52	12.17	11.44	12.04	5807246.0	68.22	68.3099	66.7	67.92	7305175	34.45	34.47	33.22	33.96	25645274.0
2020-01-10 00:00:00-05:00	31.56	32.0	30.37	30.66	5250013.0	12.74	13.0	12.32	12.83	5947830.0	68.46	69.51	67.89	67.99	5688057	34.08	34.99	33.835	33.99	27058444.0
2020-01-13 00:00:00-05:00	30.94	31.89	30.5341	30.79	4150011.0	13.0199	14.11	13.0	13.73	8769201.0	68.24	69.05	67.83	68.66	7374157	34.29	34.34	33.55	34.14	14986112.0
2020-01-14 00:00:00-05:00	30.91	30.94	29.54	30.19	6247849.0	14.27	14.38	13.7	13.98	7321130.0	68.99	69.28	68.1	68.16	5437792	34.2	35.02	33.92	34.83	22850956.0
2020-01-15 00:00:00-05:00	29.98	30.3701	29.16	30.19	4102477.0	14.12	15.97	13.75	14.86	13864443.0	68.54	71.0	68.5	70.37	8323932	34.9	35.1493	34.51	35.01	19403811.0
2020-01-16 00:00:00-05:00	30.15	30.9065	30.13	30.83	3121181.0	15.76	16.0	14.56	14.9451	12087669.0	70.95	71.0	69.19	69.53	5612457	35.03	35.06	34.18	34.67	20632185.0
2020-01-17 00:00:00-05:00	30.97	31.85	30.73	31.5	3755130.0	15.04	15.8	14.76	15.65	6391688.0	69.84	70.3	69.19	69.38	4526466	34.97	35.25	34.65	35.12	14875113.0
2020-01-21 00:00:00-05:00	31.61	31.69	30.63	31.26	5907686.0	16.31	17.6	16.21	17.31	29506136.0	69.2	69.62	68.31	68.31	8179275	35.5	37.8	35.41	37.62	84979473.0
2020-01-22 00:00:00-05:00	31.5	32.3	31.34	31.615	7066434.0	18.43	19.84	18.1	19.75	66240954.0	68.92	70.047	68.69	68.69	8921836	37.94	37.94	36.92	37.06	50483381.0
2020-01-23 00:00:00-05:00	31.59	32.4	30.91	32.07	5072716.0	18.93	19.73	17.61	19.12	45027460.0	68.86	69.44	67.55	69.29	7613202	36.97	37.95	36.725	37.41	39143769.0
2020-01-24 00:00:00-05:00	32.29	33.28	31.95	32.71	9804484.0	18.6	19.25	16.23	17.1902	38723852.0	70.63	71.92	70.02	71.16	20346245	37.5	37.665	36.25	36.83	39843942.0
2020-01-27 00:00:00-05:00	31.56	31.64	29.43	29.95	6616462.0	15.9	18.0	15.61	17.395	11930463.0	68.39	72.45	68.34	71.06	10346932	35.23	36.65	34.19	36.31	17410595.0
2020-01-28 00:00:00-05:00	30.61	32.34	30.0601	32.23	4000116.0	17.96	18.5	17.6	17.96	10640612.0	71.47	74.98	71.03	74.82	13958897	37.14	37.33	36.04	37.0	26900157.0
2020-01-29 00:00:00-05:00	32.57	33.08	31.7036	32.55	4148956.0	18.16	18.16	17.11	17.59	6182220.0	74.5	77.07	74.27	76.16	10813677	36.98	37.565	36.8	37.0	16127335.0
2020-01-30 00:00:00-05:00	31.99	33.84	31.6741	33.4743	4171296.0	17.11	17.77	16.58	17.1	6733705.0	75.42	76.39	74.06	76.1	8125002	36.82	37.1319	35.95	36.68	17898216.0
2020-01-31 00:00:00-05:00	33.35	33.43	31.2501	31.52	4953352.0	17.0293	17.83	16.85	17.15	6089733.0	75.8	76.38	74.33	74.68	6131006	37.0	37.04	35.69	36.3	18621719.0
2020-02-03 00:00:00-05:00	31.69	33.23	31.5801	32.92	4912405.0	17.15	18.94	17.15	18.58	8023764.0	74.89	79.805	74.6	79.795	13498227	36.75	37.64	36.53	37.58	21739327.0
2020-02-04 00:00:00-05:00	33.8	36.94	33.23	36.9	9599579.0	19.31	20.0	18.7652	19.68	14189971.0	79.9	81.68	79.25	80.9	10103672	37.87	38.99	37.26	38.53	30149166.0
2020-02-05 00:00:00-05:00	37.68	38.01	35.3	36.905	6447527.0	20.01	20.09	18.04	18.68	8957669.0	81.98	82.1	77.84	78.39	9964740	38.89	38.97	36.735	36.88	35907559.0
2020-02-06 00:00:00-05:00	37.1	38.65	36.4	38.39	5678262.0	18.46	18.97	18.05	18.52	4661406.0	78.66	79.2	77.8217	78.5	5928441	37.3	37.39	36.73	37.09	28879986.0
2020-02-07 00:00:00-05:00	38.0	38.88	37.69	38.05	4035809.0	18.46	19.25	18.28	18.94	6833929.0	77.8	80.0	77.34	78.85	3992628	39.98	41.0	36.5	40.64	100720964.0
2020-02-10 00:00:00-05:00	37.87	38.64	37.8	38.62	3673862.0	19.31	20.68	19.0	20.55	14765560.0	79.6	80.62	78.9	80.17	3931100	40.65	41.34	39.96	40.02	45840224.0
2020-02-11 00:00:00-05:00	39.26	40.25	38.695	39.67	5397391.0	21.6197	22.28	20.75	21.94	15673734.0	80.56	81.45	79.61	79.88	3730674	40.25	41.465	40.05	41.27	31912196.0
2020-02-12 00:00:00-05:00	40.05	41.52	39.77	41.5	5601051.0	22.19	24.48	21.05	23.06	26851502.0	80.01	80.9059	79.61	79.98	3506744	41.5	41.86	41.065	41.25	23460896.0
2020-02-13 00:00:00-05:00	40.05	41.59	39.12	41.34	6588869.0	22.75	24.69	22.725	23.67	21179523.0	79.3	82.54	79.08	81.0	5912803	40.93	41.55	40.0	40.09	22004986.0
2020-02-14 00:00:00-05:00	41.15	42.39	40.98	41.07	4785915.0	24.56	28.79	24.06	28.67	43156492.0	81.39	82.59	81.01	81.86	4718956	40.02	40.31	38.7	39.63	28460807.0
2020-02-18 00:00:00-05:00	40.38	41.29	39.75	40.165	6349612.0	32.17	38.7199	28.71	30.33	98358673.0	81.68	82.98	81.3508	82.425	4271183	39.49	40.27	39.45	40.17	18527479.0
2020-02-19 00:00:00-05:00	47.51	57.57	47.3	57.225	34568476.0	34.3	37.5	32.0	37.34	75796204.0	83.01	86.48	82.93	85.24	8556365	40.42	41.23	40.115	41.04	19783705.0
2020-02-20 00:00:00-05:00	56.47	58.95	54.41	58.71	18618635.0	38.79	42.49	30.56	37.23	126566774.0	85.23	87.25	80.3	85.74	11513954	41.0	41.19	39.85	40.915	22366380.0
2020-02-21 00:00:00-05:00	57.8	59.15	56.74	59.11	6803808.0	34.42	36.0	32.55	33.71	41424066.0	85.63	86.21	82.725	83.49	6780842	40.89	40.89	40.05	40.72	18665937.0
2020-02-24 00:00:00-05:00	54.59	58.749	54.0	55.26	7942234.0	29.6	36.57	29.1	34.09	43729566.0	76.57	80.8451	76.07	80.22	10170565	38.21	39.14	37.75	38.32	34203023.0
2020-02-25 00:00:00-05:00	57.0	57.01	50.11	50.9	9566722.0	37.18	37.3	33.0	33.61	39608177.0	80.74	81.3999	75.79	77.03	8704543	38.9	39.15	35.5	35.89	45518625.0
2020-02-26 00:00:00-05:00	49.27	53.8	48.79	51.84	6169225.0	31.8	34.69	27.6	28.74	37754221.0	77.68	79.0775	76.0	76.66	8777209	35.53	36.165	33.89	34.46	40548990.0
2020-02-27 00:00:00-05:00	48.81	51.25	45.9901	48.76	8529635.0	23.69	25.0	19.11	22.0031	45607860.0	81.39	85.9354	79.05	79.32	33972617	32.03	34.16	30.67	32.395	61616775.0
2020-02-28 00:00:00-05:00	45.61	50.2199	45.56	48.96	6744999.0	19.96	25.79	19.25	24.56	33923094.0	76.44	84.15	76.42	83.34	22075592	31.81	34.29	31.0	33.87	40282402.0
2020-03-02 00:00:00-05:00	50.46	52.52	48.1538	51.44	6706827.0	27.44	28.0	25.05	25.85	22667101.0	82.8	84.42	79.57	80.7	16883458	34.05	34.08	31.74	32.83	40780285.0
2020-03-03 00:00:00-05:00	52.41	54.6399	51.1	52.44	6789742.0	26.9	27.45	23.76	24.71	19333317.0	80.49	80.6	75.81	78.82	16748764	34.02	34.18	31.9	33.03	33029095.0
2020-03-04 00:00:00-05:00	52.31	54.0	51.51	53.49	5964156.0	25.52	25.75	22.86	23.73	14818748.0	78.35	79.48	75.82	79.217	11847710	33.93	35.34	32.28	34.52	42775960.0
2020-03-05 00:00:00-05:00	52.54	59.0	51.77	56.7	9277550.0	22.68	24.3399	22.03	24.08	18409487.0	77.78	79.02	75.66	76.3221	15086367	33.47	33.57	31.97	32.21	30520256.0
2020-03-06 00:00:00-05:00	55.34	57.32	51.44	53.04	5653135.0	22.46	23.28	21.0	21.65	24887982.0	75.03	75.94	70.27	73.08	30245884	31.23	32.41	30.45	31.68	29274615.0
2020-03-09 00:00:00-04:00	45.7	48.47	42.0	43.38	7559305.0	18.3903	20.3699	17.0	19.44	24511806.0	67.21	67.41	63.33	65.83	30779722	28.5	30.32	28.15	28.1568	35338375.0
2020-03-10 00:00:00-04:00	47.16	47.8218	43.4721	45.59	10294248.0	20.81	21.12	18.0	18.4265	23907974.0	68.32	68.56	63.37	67.25	22311558	29.47	29.86	27.0	28.97	33407347.0
2020-03-11 00:00:00-04:00	44.12	45.26	39.648	41.72	10813614.0	17.92	18.26	15.5	16.43	26612940.0	66.35	66.35	60.82	62.43	25285798	27.91	28.14	25.61	26.245	40128291.0
2020-03-12 00:00:00-04:00	34.4	37.3899	33.0	33.02	9414549.0	13.28	16.09	13.13	13.81	27993192.0	55.0	58.045	52.9701	53.58	36172172	23.26	24.69	22.11	22.61	51018573.0
2020-03-13 00:00:00-04:00	36.25	37.3	31.56	32.86	6395345.0	15.52	15.78	13.48	14.68	22268864.0	56.74	57.79	52.31	57.78	27529332	24.01	24.81	21.13	22.59	50272692.0
2020-03-16 00:00:00-04:00	27.57	31.92	23.7	27.45	16074156.0	12.19	13.6	11.72	11.9	20341718.0	49.25	49.25	40.0	41.21	51412872	20.15	21.49	19.1	20.29	52935270.0
2020-03-17 00:00:00-04:00	28.07	31.6499	26.0	29.28	6584781.0	12.36	13.43	11.19	12.68	23100144.0	43.79	45.2917	39.0	44.73	43371202	20.18	20.31	18.01	18.91	56934590.0
2020-03-18 00:00:00-04:00	26.5	28.75	22.48	23.985	7560520.0	11.53	11.77	9.07	10.5701	23743258.0	41.0	42.0805	32.33	39.4627	46350767	17.76	17.8	13.71	14.82	68373645.0
2020-03-19 00:00:00-04:00	24.0	27.22	21.49	26.25	13821878.0	10.08	11.4	9.4	10.55	21202436.0	40.18	47.42	37.0	39.99	47547618	15.96	21.26	15.7	20.5	79336098.0
2020-03-20 00:00:00-04:00	27.68	31.47	26.02	26.05	8892563.0	11.46	14.74	10.986	11.2201	41380584.0	41.85	43.84	37.81	38.03	50048716	22.53	23.89	20.61	21.4701	68958978.0
2020-03-23 00:00:00-04:00	26.36	28.0	23.4	27.435	5836108.0	11.73	13.34	11.01	12.92	31632942.0	38.47	40.55	36.11	40.01	40880814	21.07	22.73	19.73	22.39	41698346.0
2020-03-24 00:00:00-04:00	30.84	35.259	30.7959	34.33	7584459.0	15.59	17.44	14.631	16.27	59600888.0	43.5	48.88	42.56	46.36	49665998	24.41	26.84	23.59	26.39	51556501.0
2020-03-25 00:00:00-04:00	36.92	40.72	34.5	36.7	17301636.0	17.79	18.39	15.4	16.02	43233890.0	50.29	58.1	49.53	52.44	64510070	26.18	28.45	25.3104	26.19	49431420.0
2020-03-26 00:00:00-04:00	37.65	40.53	34.58	36.18	6085655.0	16.44	18.18	15.73	17.09	34915700.0	53.79	59.25	53.78	56.07	38161036	26.6	28.44	25.78	28.21	37943728.0
2020-03-27 00:00:00-04:00	34.05	34.5	31.27	32.37	10123570.0	16.4	16.4	15.11	15.37	21178390.0	54.0	54.4173	51.48	53.34	27956202	25.82	28.03	25.07	27.28	38500068.0
2020-03-30 00:00:00-04:00	32.76	33.0	30.75	31.99	3583400.0	15.41	15.7499	14.42	14.735	17939922.0	52.9	55.44	51.5301	55.0	22638946	26.33	28.39	25.31	27.83	35316504.0
2020-03-31 00:00:00-04:00	32.85	34.87	31.81	32.28	9236964.0	14.87	15.96	14.55	14.805	17702900.0	54.69	55.24	51.135	52.39	27440598	27.75	28.25	26.92	27.9	39359632.0
2020-04-01 00:00:00-04:00	29.94	31.48	29.11	29.81	3703900.0	13.92	14.4299	12.88	13.3	18055210.0	49.78	50.01	46.05	46.81	31118720	26.5	26.767	24.8101	25.4101	36483849.0
2020-04-02 00:00:00-04:00	29.5	31.57	28.77	29.91	7016976.0	12.94	13.8	12.4	12.96	16496908.0	46.33	48.03	45.0	45.86	24409150	25.01	25.2	23.0	23.5801	33701579.0
2020-04-03 00:00:00-04:00	29.85	30.4393	27.55	28.7	4759656.0	12.97	13.5	12.1	12.16	14659064.0	46.02	46.68	42.33	43.75	34775566	23.73	23.79	21.67	22.8	45826830.0
2020-04-06 00:00:00-04:00	30.81	34.23	30.61	34.06	4409757.0	13.46	14.49	13.04	14.2	22081658.0	47.22	51.1	46.19	50.42	43105722	24.13	26.09	23.93	25.97	62976254.0
2020-04-07 00:00:00-04:00	37.81	38.38	34.42	35.02	4692247.0	15.73	16.07	13.82	14.07	26494448.0	54.78	54.91	49.7	50.3	30371432	27.95	28.11	25.5	25.74	70300468.0
2020-04-08 00:00:00-04:00	36.06	38.42	34.86	37.91	8846784.0	14.33	15.66	14.11	15.35	22569736.0	51.81	57.75	51.81	57.06	46599790	26.4	27.8781	25.79	26.95	54758290.0
2020-04-09 00:00:00-04:00	39.09	41.75	36.53	38.0	5952993.0	16.0	16.4	14.92	15.26	20216872.0	58.88	64.94	58.5	59.21	58301698	27.88	28.89	26.46	27.11	66845004.0
2020-04-13 00:00:00-04:00	38.24	38.43	36.08	37.78	2987678.0	15.59	15.78	14.81	15.45	12585740.0	60.1	60.1	56.12	59.44	28209178	27.04	28.08	26.47	27.98	46945696.0
2020-04-14 00:00:00-04:00	39.57	41.8	39.52	41.36	9084612.0	16.03	20.29	15.96	19.0032	74477766.0	60.02	62.61	59.6145	62.41	33592501	28.0	28.77	27.013	27.755	60549444.0
2020-04-15 00:00:00-04:00	39.3	40.06	38.3	39.62	10192224.0	18.11	21.07	17.62	19.93	62206546.0	59.67	61.76	59.33	61.3	24062736	26.82	27.79	26.44	27.4	36832704.0
2020-04-16 00:00:00-04:00	40.01	40.3	37.89	38.78	12258054.0	20.36	20.8	17.7105	18.1801	40190164.0	58.1	59.3	56.63	57.29	37304296	27.21	28.05	26.46	27.04	44543270.0
2020-04-17 00:00:00-04:00	40.83	41.05	38.7	38.98	10630123.0	19.21	19.6	18.5	18.8499	17582520.0	59.5	61.44	58.7	61.08	27028178	28.69	28.79	27.26	27.99	63651606.0
2020-04-20 00:00:00-04:00	38.0	40.55	37.8	39.0	10037857.0	18.27	19.85	17.91	18.98	22626482.0	59.44	63.59	59.15	61.05	25348214	27.07	28.76	26.9	28.18	54447422.0
2020-04-21 00:00:00-04:00	38.01	38.89	34.3401	35.4985	20405465.0	18.09	18.9	16.56	16.855	22484898.0	60.0	60.44	56.86	57.38	29515216	27.5	28.15	26.6	27.18	40724150.0
2020-04-22 00:00:00-04:00	37.38	38.65	37.0	38.23	4991684.0	17.71	17.79	16.81	17.291	15912056.0	59.35	61.14	58.01	61.1	22319436	27.97	28.56	27.51	28.32	36349584.0
2020-04-23 00:00:00-04:00	38.44	40.7002	38.23	39.48	10009769.0	17.33	17.67	16.38	16.65	15256578.0	61.31	63.5	60.9209	61.8275	24297698	28.75	29.25	28.2414	28.33	52880820.0
2020-04-24 00:00:00-04:00	39.41	40.0	37.08	37.72	10706418.0	16.67	17.2262	16.0	16.93	15011904.0	62.23	62.56	61.04	61.975	17708780	28.51	29.59	28.14	29.5	39425408.0
2020-04-27 00:00:00-04:00	38.21	38.52	36.91	37.2235	13521267.0	17.26	18.461	16.57	17.93	27962162.0	63.61	64.24	61.81	63.64	18996022	29.74	30.49	29.4112	30.09	62921504.0
2020-04-28 00:00:00-04:00	39.73	44.4199	38.91	43.0	21488545.0	18.41	18.83	17.33	17.53	19909206.0	64.17	65.025	60.9	61.74	22552538	31.0	31.83	29.36	30.13	53744457.0
2020-04-29 00:00:00-04:00	44.53	49.28	44.08	48.98	17948146.0	17.89	18.86	17.8	18.23	18128972.0	63.44	66.72	63.39	65.75	27218914	31.0	32.0	30.33	31.41	53540238.0
2020-04-30 00:00:00-04:00	47.51	48.76	45.54	46.88	15036707.0	18.0	18.17	17.22	17.58	12674900.0	65.0	66.89	64.72	65.11	19156600	30.5	31.05	29.75	30.27	34314776.0
2020-05-01 00:00:00-04:00	45.13	46.48	41.76	43.22	5895664.0	17.01	18.1	15.55	17.9162	30462418.0	62.84	63.9095	61.44	62.97	19275340	29.13	29.72	28.325	28.39	37302772.0
2020-05-04 00:00:00-04:00	41.75	44.15	41.57	43.98	3102454.0	16.96	17.48	15.9	16.71	12795696.0	61.34	64.17	61.09	63.68	13837142	27.56	28.07	26.58	27.42	45657236.0
2020-05-05 00:00:00-04:00	46.33	46.5	43.79	44.31	9946308.0	16.98	17.37	16.37	16.57	12548362.0	66.0	68.59	65.21	66.685	23234346	28.25	28.9088	27.44	28.08	57098898.0
2020-05-06 00:00:00-04:00	47.0	53.53	46.5	52.68	10852317.0	17.75	18.95	16.7	18.5	46722622.0	67.32	69.81	67.12	68.23	26955344	27.5	28.06	26.81	27.85	53434735.0
2020-05-07 00:00:00-04:00	52.56	55.88	50.56	54.53	15845116.0	18.97	21.0	18.57	19.8101	49173338.0	69.86	76.8	69.58	74.63	60029038	29.6	31.65	29.58	30.89	97664400.0
2020-05-08 00:00:00-04:00	55.74	57.8428	54.37	57.29	8551400.0	20.42	21.53	18.8	20.17	46942432.0	72.04	76.4	72.0	76.06	39621398	32.59	33.3	31.64	32.69	133612788.0
2020-05-11 00:00:00-04:00	56.67	59.98	55.8505	59.58	9170224.0	18.91	19.99	18.5	19.44	25362218.0	75.7	75.9027	74.36	74.93	24319268	31.98	32.385	31.41	31.65	51561676.0
2020-05-12 00:00:00-04:00	60.43	63.8	59.1002	59.27	13698280.0	19.44	19.89	17.55	17.6	24978226.0	76.0	77.39	74.31	75.2	32837424	31.42	34.45	30.41	32.37	177760094.0
2020-05-13 00:00:00-04:00	58.77	62.05	54.61	57.45	7292308.0	17.52	17.65	16.16	16.54	17532648.0	75.32	75.8	70.82	73.77	26556186	32.3	33.06	30.83	33.02	92409138.0
2020-05-14 00:00:00-04:00	55.15	57.8	54.25	56.97	4723715.0	16.25	16.31	15.05	15.84	18327434.0	72.17	78.25	71.07	78.1927	30971110	32.53	33.0399	31.24	32.79	63111359.0
2020-05-15 00:00:00-04:00	56.49	58.48	55.3601	58.38	8940474.0	15.6	16.46	15.475	15.63	15500448.0	77.75	81.13	76.65	80.39	30614078	32.26	32.89	31.59	32.47	49117950.0
2020-05-18 00:00:00-04:00	61.0	64.5	60.58	64.43	12546180.0	16.7	16.8	15.9	15.97	16573550.0	78.7	81.35	76.44	76.62	31389030	33.7	36.0	32.99	33.64	93834096.0
2020-05-19 00:00:00-04:00	64.8	70.36	64.8	67.03	6814686.0	16.01	16.43	15.62	15.86	12412478.0	76.45	82.14	76.25	79.23	27800580	33.68	34.0	32.86	33.41	39746668.0
2020-05-20 00:00:00-04:00	69.25	69.4018	62.34	64.14	7687838.0	15.24	15.58	14.81	14.87	36584152.0	81.5	83.1	80.52	82.03	19557162	34.12	34.77	33.82	34.49	38223008.0
2020-05-21 00:00:00-04:00	61.0	61.7025	57.52	59.93	15923920.0	15.05	15.28	14.6	14.71	18445693.0	79.5	81.7	78.76	81.52	19030508	34.45	35.01	33.47	34.26	46722529.0
2020-05-22 00:00:00-04:00	60.84	61.489	55.8	56.41	13176466.0	14.96	15.92	14.62	15.72	26300222.0	81.23	82.49	80.83	81.5	12173004	34.15	34.93	33.57	34.82	35789398.0
2020-05-26 00:00:00-04:00	59.83	61.1585	58.05	58.43	4917449.0	16.16	16.85	15.42	16.32	30387396.0	83.98	84.09	80.5	80.8	18083716	35.97	36.0	34.5	34.57	44684490.0
2020-05-27 00:00:00-04:00	59.75	59.75	52.5014	57.88	11474240.0	17.01	17.74	16.05	17.4927	39378068.0	80.04	81.14	76.02	80.96	22619144	34.42	35.0	33.1	34.9	50432776.0
2020-05-28 00:00:00-04:00	57.0	60.17	55.21	55.82	4059441.0	17.0	17.25	16.3	16.47	19076638.0	81.02	82.32	79.0	79.65	19041816	34.9	35.1	33.82	34.16	38960832.0
2020-05-29 00:00:00-04:00	55.74	58.54	55.31	58.13	3462749.0	16.41	17.19	16.3	17.0979	19059816.0	79.73	81.95	79.34	81.13	14346364	34.18	36.45	34.0	36.33	97062507.0
2020-06-01 00:00:00-04:00	58.18	60.5843	57.63	59.68	6650958.0	18.36	18.7	17.26	17.54	42704486.0	81.0	83.42	80.12	82.72	16618760	35.64	36.39	35.16	35.85	41510998.0
2020-06-02 00:00:00-04:00	59.8	60.0	56.2503	56.95	8153692.0	16.89	16.89	15.76	15.81	46407182.0	82.96	88.27	82.38	88.0101	35066056	36.16	36.42	35.26	35.81	37107330.0
2020-06-03 00:00:00-04:00	57.14	57.19	52.66	53.3	12552656.0	15.35	16.79	15.2	16.3917	56426464.0	88.0	92.5496	87.09	91.96	33066994	36.2	37.3678	36.14	36.75	44904878.0
2020-06-04 00:00:00-04:00	53.3	54.06	50.51	51.66	5280954.0	16.21	16.44	15.76	15.8432	26369680.0	90.96	92.9599	86.19	87.72	26032718	36.42	37.3	36.28	36.43	33392572.0
2020-06-05 00:00:00-04:00	53.11	55.85	51.49	54.58	5711415.0	16.21	16.27	15.66	15.8	24999298.0	90.0	91.45	88.067	90.05	21373116	37.53	38.7825	36.92	37.2	59734924.0
2020-06-08 00:00:00-04:00	55.36	55.5	52.02	52.95	6711506.0	16.14	17.37	16.0	17.27	41454080.0	90.5	91.23	88.03	89.59	17028656	37.87	37.9	36.09	37.08	59576654.0
2020-06-09 00:00:00-04:00	52.22	53.54	51.5	51.58	5982314.0	17.25	17.29	16.28	16.67	20717356.0	89.02	91.6538	87.87	89.6	15020530	36.7	37.33	36.25	36.59	29010810.0
2020-06-10 00:00:00-04:00	52.5	52.51	47.8388	49.32	10342987.0	16.67	16.7892	15.86	16.15	19202682.0	90.26	92.97	89.5	91.96	17616058	36.69	36.8	34.265	34.82	83604690.0
2020-06-11 00:00:00-04:00	45.99	49.41	45.4201	47.67	11637230.0	15.24	15.66	14.3	14.45	33924498.0	87.75	90.0	85.77	86.12	28223258	32.63	33.245	30.8904	31.1101	89077487.0
2020-06-12 00:00:00-04:00	50.0	50.16	47.32	47.32	1216576.0	15.13	15.24	14.54	14.5511	10150662.0	89.02	89.18	85.72	85.76	5399378	32.73	32.74	31.36	31.43	20096798.0
2020-06-15 00:00:00-04:00	47.53	51.195	46.76	50.46	9561950.0	14.45	15.535	14.21	15.31	20137403.0	84.79	91.3	84.06	91.09	19013228	31.16	32.68	31.0201	32.67	39253996.0
2020-06-16 00:00:00-04:00	52.37	55.02	51.37	52.75	16801373.0	16.02	16.08	15.07	15.39	16514592.0	93.07	95.8681	92.56	94.79	25467220	34.0	34.17	32.43	33.49	41216430.0
2020-06-17 00:00:00-04:00	52.15	52.23	37.81	39.04	107618418.0	15.28	15.73	14.92	14.96	13241122.0	94.78	100.0	94.7	97.01	33213432	33.5	33.595	33.011	33.29	26186198.0
2020-06-18 00:00:00-04:00	43.29	47.1897	43.28	45.72	55680745.0	14.92	15.455	14.77	15.2	15181386.0	97.0	98.6499	95.82	98.27	16298028	33.0	33.44	32.8	33.37	28531038.0
2020-06-19 00:00:00-04:00	46.81	49.67	45.9301	46.72	14903061.0	15.3	15.67	14.95	14.955	16158232.0	100.1	102.26	97.94	97.99	26407198	33.98	34.02	32.27	32.28	43442466.0
2020-06-22 00:00:00-04:00	46.77	47.35	44.92	45.55	5367284.0	17.7	17.7	16.12	17.38	48108014.0	99.74	105.46	99.25	104.24	16061087	32.43	32.85	31.43	32.68	15838827.0
2020-06-23 00:00:00-04:00	46.24	46.935	44.96	45.49	3422762.0	17.45	17.58	16.4	16.44	19091899.0	105.0	106.36	103.05	104.74	13391491	32.88	33.21	32.5901	33.05	11868193.0
2020-06-24 00:00:00-04:00	45.0	47.14	44.45	46.68	6816077.0	16.24	16.61	15.3	15.51	12887296.0	104.0	105.7492	98.93	100.88	12894746	32.75	32.93	30.455	30.47	28386600.0
2020-06-25 00:00:00-04:00	45.84	46.03	43.42	45.78	6439638.0	15.7	15.83	15.02	15.24	12912841.0	102.46	106.15	101.286	104.88	12446004	30.0	30.855	29.56	30.58	18464675.0
2020-06-26 00:00:00-04:00	45.88	46.675	44.14	45.3	3814129.0	16.1	16.1	15.08	15.55	16011438.0	105.03	107.84	102.5176	104.3	13559670	30.44	30.44	29.2099	29.635	20397431.0
2020-06-29 00:00:00-04:00	46.01	47.9	45.21	47.45	3213171.0	15.4	15.59	14.65	15.42	12631944.0	105.15	105.28	101.22	103.67	8907260	29.51	29.75	28.39	29.63	17589872.0
2020-06-30 00:00:00-04:00	47.68	48.48	46.93	47.56	2738033.0	15.21	16.4	14.95	16.335	12873360.0	103.5	105.3	102.8875	104.85	6777339	30.83	31.25	30.13	31.08	19530799.0
2020-07-01 00:00:00-04:00	47.53	49.93	46.608	49.06	3068984.0	16.7	16.89	15.86	16.69	14363386.0	106.92	117.13	106.54	115.9	21806540	30.96	31.2	30.1622	30.43	12861608.0
2020-07-02 00:00:00-04:00	49.61	51.54	48.22	48.87	3609468.0	16.78	17.34	16.17	16.25	11419601.0	118.0	118.78	113.23	113.46	14032499	31.02	31.57	30.51	30.68	13651231.0
2020-07-06 00:00:00-04:00	49.7	50.72	49.15	50.17	2807040.0	16.58	17.09	16.05	16.94	13633640.0	118.79	128.36	118.03	118.975	33916325	33.1	33.2	31.76	32.51	39951090.0
2020-07-07 00:00:00-04:00	49.8	51.47	49.25	50.63	2279379.0	16.63	16.84	16.1512	16.55	7866268.0	121.2	129.84	120.03	125.62	27932000	32.46	33.5598	32.39	32.83	30360625.0
2020-07-08 00:00:00-04:00	51.02	55.22	50.98	54.95	4184950.0	16.61	16.82	16.2	16.8	8493290.0	127.2	133.43	127.0	133.39	24520060	33.21	33.97	32.68	33.93	21969559.0
2020-07-09 00:00:00-04:00	55.84	56.5	52.83	55.79	3042712.0	17.1	19.49	17.08	19.46	49919767.0	132.54	133.81	127.67	129.39	21029172	34.24	34.46	32.2599	33.15	23647555.0
2020-07-10 00:00:00-04:00	54.83	55.71	54.1	55.44	2270460.0	19.32	19.98	18.27	19.24	26817783.0	128.39	129.6	125.255	128.07	10852045	33.14	33.55	32.65	33.17	13204396.0
2020-07-13 00:00:00-04:00	56.25	58.06	52.12	52.31	4089157.0	19.55	20.99	17.7118	18.1	35152126.0	131.05	133.24	116.67	118.74	16973312	33.21	33.6	31.66	31.72	17920479.0
2020-07-14 00:00:00-04:00	52.8	55.99	51.3336	55.84	4038051.0	18.1105	18.61	17.05	18.43	15284822.0	118.59	121.8536	111.14	121.24	16443215	31.35	31.38	30.48	30.935	19525251.0
2020-07-15 00:00:00-04:00	57.0113	58.18	55.348	57.94	3361791.0	18.97	19.14	18.06	18.55	10055958.0	124.01	124.48	117.66	122.2	9364921	32.1	32.97	31.68	32.79	19318451.0
2020-07-16 00:00:00-04:00	57.21	58.25	56.39	57.74	2726078.0	19.46	22.2	19.07	21.05	51646113.0	119.94	123.3	117.55	119.96	10988157	32.05	32.59	31.55	32.35	10805872.0
2020-07-17 00:00:00-04:00	58.0	59.75	57.74	59.32	3094341.0	22.79	24.778	22.26	24.04	53060440.0	120.98	122.38	118.59	120.72	6456094	32.58	32.8162	31.85	32.55	13238215.0
2020-07-20 00:00:00-04:00	59.9	64.055	59.75	63.54	3466225.0	23.76	23.87	22.0	22.985	19831951.0	121.26	129.46	120.53	128.39	11573932	32.48	33.925	32.35	33.66	15595581.0
2020-07-21 00:00:00-04:00	64.06	64.7	59.68	61.14	4134613.0	23.12	26.32	22.95	24.96	39179761.0	129.95	130.8	125.07	127.0	8670569	34.16	34.23	32.53	32.5401	15880914.0
2020-07-22 00:00:00-04:00	61.19	63.49	60.96	62.05	2611318.0	24.53	26.53	24.5	25.54	26390408.0	127.49	131.71	127.06	129.12	7727095	32.44	32.88	32.33	32.66	11600613.0
2020-07-23 00:00:00-04:00	62.46	65.43	60.3	61.67	3908106.0	26.13	27.55	23.81	25.12	38553981.0	127.74	129.8494	121.32	122.94	8855285	32.33	33.02	31.983	32.16	11377045.0
2020-07-24 00:00:00-04:00	56.83	60.2	56.71	59.66	2774244.0	23.77	24.85	23.1	24.29	16257018.0	118.87	122.91	118.36	121.41	6596807	30.74	31.39	30.47	31.18	14217984.0
2020-07-27 00:00:00-04:00	61.01	62.9296	60.35	62.21	3327863.0	25.02	25.68	23.77	24.92	16478691.0	124.62	126.77	122.34	125.74	8029181	31.21	31.6	30.75	30.99	9181632.0
2020-07-28 00:00:00-04:00	61.84	61.84	57.05	57.23	3529054.0	25.2	25.8	23.6	23.85	39314104.0	125.2	127.53	123.32	123.51	11237871	30.79	31.24	30.35	30.81	20289819.0
2020-07-29 00:00:00-04:00	58.02	60.36	57.71	59.115	2992390.0	23.69	24.28	22.63	22.98	27646048.0	125.14	128.95	124.9	128.53	15003461	30.92	31.26	30.77	31.023	15366222.0
2020-07-30 00:00:00-04:00	58.14	59.25	57.6	59.12	1292336.0	22.2	23.4	21.91	22.89	17594503.0	128.54	131.37	125.33	129.06	17868013	30.65	30.68	29.97	30.24	25253145.0
2020-07-31 00:00:00-04:00	59.72	60.4	58.59	60.35	2339439.0	23.17	23.4	22.08	22.45	13831359.0	131.34	131.9	127.36	129.85	16205705	30.4	30.42	29.785	30.26	23392903.0
2020-08-03 00:00:00-04:00	60.89	61.93	59.12	61.22	2765722.0	23.65	24.3	22.66	24.0089	33747092.0	130.26	136.135	130.26	134.83	22321101	30.24	31.295	30.06	31.2	32320541.0
2020-08-04 00:00:00-04:00	64.83	70.15	64.4	68.99	8478061.0	21.75	22.18	20.68	20.715	45435326.0	135.88	137.8	133.6	136.8	19211252	31.17	32.845	31.17	32.68	42906990.0
2020-08-05 00:00:00-04:00	68.99	75.98	67.6	74.94	8366824.0	20.09	20.68	19.31	20.16	33145912.0	153.16	158.43	146.22	146.38	74591253	33.1	33.32	32.5	33.2	32024094.0
2020-08-06 00:00:00-04:00	75.3047	76.75	71.1	71.35	4216779.0	19.8	20.0	19.05	19.34	39059650.0	149.76	155.89	149.12	153.98	37489106	33.27	34.795	33.21	34.71	63332026.0
2020-08-07 00:00:00-04:00	72.3	75.83	71.11	72.76	3657299.0	19.07	19.3	18.13	18.265	36426154.0	151.51	153.8399	143.35	147.225	30448162	33.09	33.7	32.45	32.91	74140125.0
2020-08-10 00:00:00-04:00	72.8	74.39	70.35	71.8	2691763.0	18.47	19.52	18.42	19.24	23782754.0	147.53	147.82	138.66	139.26	25335152	33.04	33.18	31.51	32.23	38804149.0
2020-08-11 00:00:00-04:00	71.74	71.81	67.055	67.29	3379798.0	19.55	19.67	18.14	18.29	20852509.0	138.0	142.9475	135.23	138.255	24719968	31.66	32.21	30.65	31.2	61347551.0
2020-08-12 00:00:00-04:00	68.6848	71.7806	67.57	71.17	2569965.0	18.34	18.44	17.81	18.17	16623774.0	140.01	143.42	137.69	139.02	20420718	31.46	32.22	30.69	30.845	61586298.0
2020-08-13 00:00:00-04:00											140.9	145.51	140.2	143.16	9040700					
2020-08-14 00:00:00-04:00											143.89	143.9999	139.7303	141.91	6240964	30.4	30.49	29.815	30.0	15956638.0
2020-08-17 00:00:00-04:00	74.34	76.3899	73.73	75.08	1794327.0	18.68	18.73	17.24	18.1799	30422894.0	144.49	153.68	143.18	152.47	25505084	30.05	30.12	29.14	29.49	36066858.0
2020-08-18 00:00:00-04:00	75.24	77.73	72.5339	75.07	1844553.0	18.04	18.37	17.48	17.74	19547306.0	151.97	153.19	147.4121	150.96	16324118	29.5	30.46	29.41	30.08	57444932.0
2020-08-19 00:00:00-04:00	75.1	77.3	74.9892	75.51	1826980.0	17.74	18.18	17.5	17.54	14456158.0	151.22	152.355	148.56	150.37	12252137	30.15	30.349	29.39	29.42	25327356.0
2020-08-20 00:00:00-04:00	75.09	75.22	72.2038	73.06	1790175.0	17.5	17.61	16.86	17.33	21509194.0	150.17	158.1	149.82	156.08	21930187	29.13	31.7	28.48	31.415	105118896.0
2020-08-21 00:00:00-04:00	73.28	74.8	72.81	73.14	1511195.0	17.25	17.6	16.77	16.88	17304868.0	156.4	159.47	153.12	155.12	16258398	31.39	31.82	30.7144	30.83	35856765.0
2020-08-24 00:00:00-04:00	74.2497	74.935	72.2287	73.395	1013438.0	17.23	17.7	17.04	17.64	13942059.0	155.97	156.54	150.98	151.835	13306179	30.81	31.3	30.63	31.04	21665954.0
2020-08-25 00:00:00-04:00	73.3	76.6087	72.5	75.92	2215973.0	17.79	17.84	17.13	17.48	12802942.0	151.8	155.74	149.0	155.0	12552378	31.04	31.19	30.6	31.19	19164081.0
2020-08-26 00:00:00-04:00	76.66	78.53	74.4	75.24	1748410.0	17.48	18.5	17.2301	17.345	26383244.0	156.09	158.69	151.73	153.8	12055002	31.01	32.71	30.95	32.2999	40071387.0
2020-08-27 00:00:00-04:00	76.5	76.5	72.0205	73.42	4274500.0	17.58	17.65	16.85	17.28	17512920.0	156.87	161.5399	155.5	155.62	22584724	32.4	33.07	32.27	32.8	39033942.0
2020-08-28 00:00:00-04:00	74.1407	78.53	73.5401	76.02	3187222.0	17.35	17.56	17.11	17.46	9695950.0	159.15	159.15	154.06	155.85	12284137	33.0	33.94	32.82	33.81	34126900.0
2020-08-31 00:00:00-04:00	76.68	79.53	75.8	77.23	2566922.0	18.13	18.26	17.43	17.89	24480414.0	157.0	160.7745	156.02	159.47	12650051	33.62	33.92	33.1401	33.63	23511896.0
2020-09-01 00:00:00-04:00	77.47	79.52	77.1	78.71	2099035.0	17.89	17.92	17.33	17.41	17511988.0	164.81	170.46	162.0	166.67	23917888	33.45	34.51	33.145	34.29	31066425.0
2020-09-02 00:00:00-04:00	80.0	80.4699	75.09	77.03	2253617.0	17.5	17.54	16.33	17.09	26151582.0	170.6	170.61	158.11	162.875	21526548	34.21	34.505	33.29	34.37	31987266.0
2020-09-03 00:00:00-04:00	75.2377	75.48	65.13	67.79	5779795.0	16.63	17.19	16.22	16.5302	23617479.0	157.0	157.23	149.51	152.87	31879427	34.08	34.74	32.95	33.4	33416620.0
2020-09-04 00:00:00-04:00	67.13	68.67	58.67	66.1558	5445971.0	16.57	16.89	14.8601	15.92	29206397.0	149.63	152.22	134.0	146.4	35213327	33.33	33.65	31.55	33.24	30884238.0
2020-09-08 00:00:00-04:00	62.03	67.34	60.17	65.0	3790798.0	16.39	18.25	16.0	17.4	39269921.0	137.01	146.14	136.89	139.11	20660019	32.36	35.1	32.16	34.31	63952879.0
2020-09-09 00:00:00-04:00	67.01	69.56	64.87	67.71	3273891.0	18.18	18.705	17.12	17.71	39491773.0	145.65	145.65	139.25	144.22	17513506	34.11	35.5	34.11	35.01	42961886.0
2020-09-10 00:00:00-04:00	68.54	70.09	66.0	66.09	2358615.0	18.09	18.4599	17.29	17.46	20899969.0	145.23	147.89	139.82	141.01	10534169	35.896	36.78	35.85	35.98	58460256.0
2020-09-11 00:00:00-04:00	67.78	68.1	64.2	65.1	2390663.0	17.45	17.6	16.33	16.55	24233586.0	143.9098	143.9098	134.26	137.45	15690839	36.3	37.145	36.254	36.9768	49916987.0
2020-09-14 00:00:00-04:00	67.17	69.78	66.31	69.49	2410640.0	16.8	17.4689	16.6199	17.39	14643587.0	140.07	145.4	138.81	144.3	14962902	37.1	38.0	37.08	37.94	48808522.0
2020-09-15 00:00:00-04:00	71.01	73.03	70.44	72.16	2472917.0	17.5	18.08	17.17	17.69	8308104.0	146.31	158.5	146.18	154.49	18022682	37.94	38.48	37.27	37.465	22243634.0
2020-09-16 00:00:00-04:00	72.6	76.4	72.5464	72.8	2841584.0	17.53	17.79	17.28	17.41	6194472.0	155.2	159.0	149.8801	151.14	8376604	37.39	38.52	37.39	37.66	21122671.0
2020-09-17 00:00:00-04:00	69.77	70.19	65.89	66.86	3137750.0	17.0	17.32	16.72	17.16	6723519.0	146.27	147.6899	142.24	145.674	10056590	36.68	37.44	36.14	37.0557	20584292.0
2020-09-18 00:00:00-04:00	67.72	69.86	65.42	68.3	3996023.0	17.22	17.38	16.815	17.22	6809734.0	147.37	149.13	141.64	145.08	6719189	37.15	37.565	36.39	37.09	22175695.0
2020-09-21 00:00:00-04:00	65.51	70.82	65.41	70.77	2741578.0	16.81	16.9873	15.895	16.48	9850997.0	140.42	151.98	139.3101	151.03	10480977	35.71	36.58	35.12	36.49	15674724.0
2020-09-22 00:00:00-04:00	71.0	72.32	67.49	72.23	2913678.0	16.49	16.61	16.12	16.48	6458428.0	152.95	156.34	148.59	155.52	8921612	36.53	36.55	34.1	34.4	24587480.0
2020-09-23 00:00:00-04:00	71.85	74.76	69.44	70.24	2664073.0	16.44	16.69	15.54	15.73	9190043.0	155.87	157.98	147.8	149.72	7401118	34.41	34.805	33.4	33.555	13482378.0
2020-09-24 00:00:00-04:00	69.32	70.98	67.53	69.45	1924978.0	15.52	16.34	14.92	15.91	10806137.0	151.01	155.9227	148.0	152.36	11830658	33.68	34.0	32.89	33.35	15382332.0
2020-09-25 00:00:00-04:00	69.79	73.9	69.5506	73.6	2293498.0	15.97	16.47	15.87	16.43	5169438.0	153.06	158.98	151.751	157.79	7925656	33.2	34.5	33.2	34.46	9323843.0
2020-09-28 00:00:00-04:00	75.14	79.73	74.7	78.13	3159453.0	18.29	20.78	18.1	20.53	52318046.0	160.49	164.5	158.23	160.7	9874433	35.8	36.625	35.26	35.56	21139325.0
2020-09-29 00:00:00-04:00	78.2	83.37	78.2	80.79	3911687.0	20.69	20.98	19.59	20.45	61720814.0	164.0	167.56	163.13	164.81	23219503	35.56	35.65	34.595	35.43	30418998.0
2020-09-30 00:00:00-04:00	81.37	84.72	81.27	82.61	2581613.0	20.06	20.85	18.96	19.23	38028275.0	164.47	166.19	161.23	162.56	11246674	35.28	36.5	35.28	36.48	38067648.0
2020-10-01 00:00:00-04:00	85.56	89.52	84.41	89.52	3758098.0	19.25	20.37	19.15	20.16	26870207.0	166.14	168.61	164.5801	168.6	12699959	36.86	37.8282	36.58	37.14	35301505.0
2020-10-02 00:00:00-04:00	85.61	92.57	85.16	90.43	3796972.0	19.07	20.91	18.82	20.7681	36671157.0	164.05	171.24	163.8006	169.61	21282219	36.0	37.99	35.94	37.72	35027221.0
2020-10-05 00:00:00-04:00	93.0	98.42	92.9	98.04	3974265.0	21.22	21.64	20.56	21.01	25339467.0	172.43	181.89	171.5	181.0	30434770	37.7	38.0	36.88	37.1314	24529054.0
2020-10-06 00:00:00-04:00	98.06	100.28	95.06	98.58	4714883.0	21.27	22.53	20.8	21.02	46128877.0	180.13	182.24	172.61	175.31	23324035	37.17	37.37	36.04	36.25	24396954.0
2020-10-07 00:00:00-04:00	101.5	108.75	100.46	107.79	4653022.0	21.61	22.2597	21.5215	21.81	25307962.0	180.61	182.75	179.02	180.15	13522010	36.59	37.11	36.365	36.77	19826820.0
2020-10-08 00:00:00-04:00	109.6	109.8	102.5638	105.51	5641110.0	22.45	22.54	21.55	22.108	19334558.0	183.18	185.3699	181.72	183.5	13655633	37.0	37.83	36.96	37.335	22511369.0
2020-10-09 00:00:00-04:00	107.18	111.27	105.29	109.18	2754295.0	22.16	22.203	21.31	21.4	19373094.0	185.12	188.74	183.73	187.25	12538484	37.91	38.35	37.19	37.28	24332334.0
2020-10-12 00:00:00-04:00	110.4	110.41	101.52	104.43	4008786.0	21.5	21.5	20.56	20.57	16562092.0	190.68	191.94	184.26	185.25	15450724	37.56	37.56	36.175	36.28	23589462.0
2020-10-13 00:00:00-04:00	103.32	107.44	102.82	106.65	2528408.0	20.4065	21.98	19.92	21.8	24567598.0	186.5	191.36	186.0	190.56	11523969	36.11	36.23	35.02	35.57	27520976.0
2020-10-14 00:00:00-04:00	108.425	111.1	107.06	108.985	2747188.0	21.88	21.95	20.98	21.33	16000591.0	191.59	193.4399	185.11	187.49	11592840	35.69	36.09	35.075	35.12	29911961.0
2020-10-15 00:00:00-04:00	107.19	111.59	105.2001	110.67	2200509.0	20.9	21.86	20.66	21.645	14894339.0	182.6	188.68	181.2	188.61	12892688	34.68	34.81	34.02	34.27	28680124.0
2020-10-16 00:00:00-04:00	112.75	114.3	108.76	110.95	2597171.0	22.0	23.4	21.87	22.45	46845909.0	191.68	192.84	184.7	186.35	10337623	34.78	34.8	33.61	33.73	26883119.0
2020-10-19 00:00:00-04:00	111.485	118.05	110.825	114.69	3028198.0	23.0	23.62	22.23	22.82	33434955.0	188.11	191.3999	185.91	186.95	10006860	34.16	34.59	34.0	34.2501	32933453.0
2020-10-20 00:00:00-04:00	115.64	118.04	112.3339	116.11	2542750.0	22.91	24.37	22.652	23.06	50738576.0	188.1	189.7	184.33	185.68	9309686	34.53	36.76	34.53	36.31	56881779.0
2020-10-21 00:00:00-04:00	116.83	118.939	100.4	101.5	4475416.0	23.24	23.35	20.25	20.431	30568924.0	183.55	184.74	176.7286	177.92	14263514	36.25	36.25	34.8751	35.2	30710749.0
2020-10-22 00:00:00-04:00	102.26	104.02	92.14	103.46	7160835.0	20.64	21.3	20.5	20.73	16754134.0	178.5	181.98	173.61	175.93	12438455	35.42	36.89	34.9146	36.7	26354665.0
2020-10-23 00:00:00-04:00	106.3535	109.22	100.7	103.34	3182221.0	20.8	20.82	19.05	19.14	31517330.0	177.5	177.79	173.34	176.77	7723454	36.5	36.99	35.9238	36.76	29244325.0
2020-10-26 00:00:00-04:00	98.65	104.29	97.5	103.67	2699807.0	19.0	19.24	17.91	18.32	24162198.0	175.01	176.86	166.77	169.89	12183441	36.5	36.74	35.12	35.495	21024355.0
2020-10-27 00:00:00-04:00	103.37	104.43	97.31	98.5	3260128.0	18.43	18.98	18.2	18.295	11581258.0	175.31	176.26	169.26	171.01	12341315	35.51	35.7	34.02	34.16	23810137.0
2020-10-28 00:00:00-04:00	97.29	105.8699	95.7551	102.81	5472272.0	17.98	18.15	17.33	17.46	16262036.0	166.59	168.9399	164.45	167.13	9286880	33.62	33.66	32.9	33.65	28960733.0
2020-10-29 00:00:00-04:00	103.29	105.53	100.87	102.45	1778499.0	17.68	18.315	17.47	18.185	16507584.0	170.08	172.08	168.11	169.86	8148296	33.71	34.935	33.33	34.04	25778357.0
2020-10-30 00:00:00-04:00	100.99	102.12	93.53	98.0	2841506.0	18.13	18.13	17.02	17.42	15455914.0	166.49	167.3974	152.43	154.87	28527409	33.91	34.3903	33.155	33.42	24149881.0
2020-11-02 00:00:00-05:00	99.01	106.04	99.0	103.95	3077791.0	17.43	18.19	17.14	17.66	18977298.0	158.0	161.24	152.1	155.23	15585600	34.15	35.05	34.06	34.795	32603488.0
2020-11-03 00:00:00-05:00	100.5565	107.38	100.24	104.7001	3346740.0	17.89	18.67	17.6791	18.45	16159228.0	153.22	161.05	151.1	158.22	14134458	35.27	36.15	35.15	35.77	29696884.0
2020-11-04 00:00:00-05:00	99.3323	106.36	93.49	106.22	5062569.0	18.49	18.81	17.85	18.06	14558140.0	166.38	171.36	162.15	171.29	13913429	40.66	42.15	39.0	40.995	191736839.0
2020-11-05 00:00:00-05:00	111.32	123.285	110.9901	120.26	4724416.0	18.25	19.17	18.03	19.15	21210892.0	177.1	177.29	172.65	175.56	25861503	40.33	42.05	40.01	41.82	61033390.0
2020-11-06 00:00:00-05:00	123.69	125.6399	118.66	122.58	3046763.0	20.0	20.2	18.37	19.0156	26100077.0	185.24	201.33	182.99	198.0993	51912386	42.09	45.38	41.62	44.91	113372057.0
2020-11-09 00:00:00-05:00	129.54	129.6077	116.76	117.07	3091245.0	20.0	21.38	19.34	20.48	27137047.0	191.305	197.0	181.83	184.0	26960258	48.01	49.62	47.3	48.18	115318058.0
2020-11-10 00:00:00-05:00	117.27	117.59	108.05	109.51	2910862.0	20.77	20.93	19.11	20.46	18669501.0	182.37	183.46	167.11	172.09	27287979	46.74	49.36	46.045	46.995	64020106.0
2020-11-11 00:00:00-05:00	113.9883	121.48	113.9883	120.49	2754714.0	20.89	22.38	20.6	21.93	24920762.0	179.65	183.9	177.7	183.38	17121477	46.72	47.52	45.91	46.24	36256765.0
2020-11-12 00:00:00-05:00	119.95	122.259	115.83	117.19	1810092.0	21.45	22.25	20.89	21.6233	18595577.0	184.26	185.1899	177.0	178.5	15722145	45.39	47.47	45.05	46.41	30704862.0
2020-11-13 00:00:00-05:00	119.4	120.36	115.1	116.515	1396280.0	22.02	22.2	21.13	22.1971	10856136.0	180.6	180.9	175.5	177.16	11686412	47.11	47.345	45.93	47.215	20914200.0
2020-11-16 00:00:00-05:00	118.21	123.6	116.01	119.94	2036423.0	20.63	20.8	19.84	20.6901	30677775.0	175.83	179.16	173.01	179.09	13862918	48.74	50.09	48.48	49.21	56381067.0
2020-11-17 00:00:00-05:00	119.57	126.58	118.65	125.14	1761387.0	20.82	21.6	20.37	21.33	17927572.0	180.12	190.74	180.12	187.84	20695263	48.72	49.62	48.5	48.89	31726643.0
2020-11-18 00:00:00-05:00	126.1787	127.49	122.5	124.92	1730607.0	21.44	23.69	21.25	22.58	36246265.0	187.49	187.5	182.2703	185.53	10410149	48.77	49.95	48.33	49.105	27201964.0
2020-11-19 00:00:00-05:00	126.62	130.95	125.8501	128.9	2145474.0	23.15	24.34	22.78	24.0499	27865431.0	190.78	194.01	185.74	191.58	23051083	49.1	49.91	48.65	49.26	26153675.0
2020-11-20 00:00:00-05:00	131.0	133.78	129.3	129.41	2895528.0	24.53	24.6	23.05	23.3	21792162.0	193.69	200.99	191.55	195.97	21110373	49.98	50.75	48.27	48.45	32977803.0
2020-11-23 00:00:00-05:00	132.93	134.85	130.45	134.43	2429293.0	23.61	25.399	23.5	24.89	26623556.0	200.11	209.36	199.27	207.69	23520379	48.66	50.88	48.51	50.04	31083339.0
2020-11-24 00:00:00-05:00	135.33	138.7	130.8	136.02	2533880.0	25.19	25.38	24.31	24.93	17446578.0	208.0	208.04	199.55	202.955	22466075	50.62	52.15	50.4838	51.25	31715183.0
2020-11-25 00:00:00-05:00	136.21	141.42	135.13	139.07	2556102.0	24.75	27.8	24.62	27.07	35247060.0	207.45	214.52	204.57	212.93	24394143	51.27	51.45	49.92	50.81	22574904.0
2020-11-27 00:00:00-05:00	142.49	148.9373	137.77	140.54	3579003.0	28.81	28.8824	27.05	27.185	20805634.0	215.0	215.0	205.9	212.5	12798290	50.93	51.19	50.2	50.69	16592914.0
2020-11-30 00:00:00-05:00	141.95	145.0	133.03	136.64	4159481.0	27.58	28.04	25.32	26.63	10899857.0	213.0	213.54	200.23	210.98	10485040	50.22	51.005	48.53	49.66	15090516.0
2020-12-01 00:00:00-05:00	138.6505	139.5247	127.3	128.85	3126365.0	28.0	29.59	27.12	28.32	18136964.0	212.56	212.95	200.5	203.0	9911165	50.0	51.41	49.07	49.65	18186258.0
2020-12-02 00:00:00-05:00	127.5	130.442	121.7	127.93	2341266.0	28.0	28.02	26.29	27.53	15780727.0	200.13	204.0596	195.13	202.11	9968056	49.26	53.45	48.53	53.085	27670479.0
2020-12-03 00:00:00-05:00	129.5	133.69	126.29	127.67	1724879.0	27.79	28.7773	27.56	28.07	8853549.0	207.0	208.69	204.05	205.53	6497836	53.3	53.49	52.12	52.52	12813169.0
2020-12-04 00:00:00-05:00	130.12	136.11	129.23	130.47	2355825.0	28.2	29.2	28.15	28.74	8411359.0	206.29	209.75	203.58	208.14	6318372	52.71	54.86	52.71	54.86	21241633.0
2020-12-07 00:00:00-05:00	130.29	133.2	127.22	129.24	1228707.0	29.57	33.87	29.04	33.77	26616302.0	209.79	213.6615	208.25	212.59	5566754	54.59	54.87	53.65	53.795	12540813.0
2020-12-08 00:00:00-05:00	129.98	135.149	129.41	134.74	1418917.0	33.07	33.69	31.61	33.4	19991267.0	213.33	213.9	208.25	213.01	5190426	52.4	54.22	52.35	53.0	23044693.0
2020-12-09 00:00:00-05:00	136.36	136.715	125.87	127.27	2042657.0	34.0	35.82	30.51	32.13	25030145.0	213.96	220.5	205.01	207.0	10842429	53.98	56.02	53.06	53.78	45096452.0
2020-12-10 00:00:00-05:00	125.6675	132.22	125.54	131.1	1183014.0	30.23	32.6	29.61	32.22	13782647.0	205.39	217.61	203.57	217.25	6913129	52.33	54.62	51.3	54.38	18241728.0
2020-12-11 00:00:00-05:00	133.38	144.6	133.0	139.91	2953254.0	31.95	34.6	31.86	32.03	17951136.0	218.26	222.2	213.17	216.6	7446890	54.47	55.025	52.33	52.63	16222277.0
2020-12-14 00:00:00-05:00	143.0	147.49	137.7475	145.08	2092652.0	27.11	28.83	26.38	26.5	43527609.0	218.01	220.43	214.5008	215.88	6855383	53.27	53.44	51.24	51.46	16458559.0
2020-12-15 00:00:00-05:00	147.4	161.56	147.2574	160.68	3858675.0	26.91	27.05	24.38	24.51	30062853.0	218.415	221.7199	216.7301	220.0	5567606	52.12	52.825	50.87	51.0	16468785.0
2020-12-16 00:00:00-05:00	159.0	163.46	152.53	163.43	3079556.0	24.98	26.8655	24.51	25.87	21829128.0	223.86	227.96	220.03	226.87	7877295	51.18	51.68	50.29	50.49	17056448.0
2020-12-17 00:00:00-05:00	165.52	168.18	159.0	163.56	2595477.0	25.65	26.15	24.7	25.5	15198373.0	230.0	237.09	227.7	230.75	9715659	50.59	51.3	50.17	50.63	18597708.0
2020-12-18 00:00:00-05:00	163.69	169.67	163.005	164.62	2301756.0	24.0	25.33	23.78	23.85	23427653.0	235.0	236.37	231.1	235.525	6195921	50.81	50.95	49.52	50.56	19068903.0
2020-12-21 00:00:00-05:00	162.95	172.1	161.185	170.83	2443054.0	24.17	25.305	23.92	24.7991	15115038.0	236.09	241.85	232.26	233.39	9904579	49.0	52.35	48.79	51.8	22630715.0
2020-12-22 00:00:00-05:00	174.99	186.4	173.0	177.27	3343966.0	25.42	25.94	24.35	25.46	16432926.0	236.5	243.38	236.0	241.57	8771091	52.11	54.36	51.92	53.78	22756466.0
2020-12-23 00:00:00-05:00	181.4008	184.08	174.2101	180.559	2435974.0	25.55	27.44	25.23	26.79	17310982.0	241.36	241.82	230.58	230.72	13091208	53.8	54.09	52.99	53.7	12210635.0
2020-12-24 00:00:00-05:00	179.7604	184.54	177.48	181.38	1015847.0	26.81	26.89	25.26	25.81	8556242.0	234.23	236.0	225.9	228.28	8301168	53.6	53.625	52.29	52.85	6187539.0
2020-12-28 00:00:00-05:00	188.452	189.4064	173.6718	175.55	2640287.0	26.16	26.49	23.61	23.95	15777972.0	232.38	232.95	219.65	223.35	11186478	53.02	53.13	51.56	51.96	10066743.0
2020-12-29 00:00:00-05:00	175.49	176.23	164.3001	170.13	3009813.0	24.04	24.24	23.01	23.74	9106372.0	223.88	224.59	208.81	214.0	15121931	52.33	52.99	51.47	52.26	9253444.0
2020-12-30 00:00:00-05:00	171.68	177.55	171.68	172.92	1731101.0	23.89	24.38	23.65	24.02	6137255.0	215.94	221.51	214.0671	221.03	9411444	52.72	53.85	52.22	53.15	9015731.0
2020-12-31 00:00:00-05:00	176.9408	183.9899	172.91	175.47	5197275.0	24.09	24.14	23.2501	23.7	5515423.0	217.71	219.45	214.42	217.71	6169676	53.28	53.28	51.0	51.0	12070383.0
2021-01-04 00:00:00-05:00	178.7	179.15	167.07	172.35	3744613.0	23.96	23.97	22.88	23.22	7413269.0	222.495	225.98	216.0	221.1	9415313	52.22	52.32	49.635	51.16	15573781.0
2021-01-05 00:00:00-05:00	175.71	186.63	173.55	181.42	4421630.0	23.08	24.48	22.96	24.106	7234185.0	219.42	230.34	219.0	229.75	9297608	51.0	54.19	50.76	53.9971	20462997.0
2021-01-06 00:00:00-05:00	197.9	210.2	195.77	202.83	9087692.0	24.03	24.93	23.72	24.16	7843889.0	223.41	233.5	223.161	227.02	11325248	53.31	54.07	52.0	52.5	15816297.0
2021-01-07 00:00:00-05:00	209.84	222.43	209.2	213.76	5302385.0	25.25	25.96	24.69	25.125	12120519.0	232.52	240.4	231.5	239.59	9781921	53.37	56.25	53.2	56.13	20995795.0
2021-01-08 00:00:00-05:00	217.6977	219.97	200.05	207.52	4615205.0	25.66	25.86	24.8	25.22	8238658.0	244.35	246.49	237.18	241.48	8784175	54.395	54.79	52.58	53.27	34773504.0
2021-01-11 00:00:00-05:00	200.4	208.39	196.12	201.57	2643780.0	24.97	25.7	24.43	24.95	6091426.0	231.61	232.74	225.3	225.5	13341348	53.11	55.0	52.99	54.59	20207976.0
2021-01-12 00:00:00-05:00	204.88	207.99	197.08	206.5	2270511.0	25.15	26.73	24.99	26.62	23622118.0	228.51	229.3299	223.72	227.47	15461736	55.5	59.39	55.0	58.55	102555980.0
2021-01-13 00:00:00-05:00	205.47	208.27	199.64	203.59	2198786.0	26.56	27.85	26.25	27.52	22310545.0	228.95	234.8213	226.8	230.94	14553101	58.54	59.88	57.53	59.37	46397698.0
2021-01-14 00:00:00-05:00	207.04	216.22	206.5	208.63	2677663.0	31.03	33.72	30.1901	32.99	54920478.0	233.9	238.76	229.59	232.71	6502923	60.0	60.03	56.7	56.9145	25765465.0
2021-01-15 00:00:00-05:00	206.54	208.35	189.21	190.59	5033080.0	31.93	32.48	29.92	30.5	18560633.0	233.63	236.43	225.58	227.65	6344926	57.49	57.9	55.0	55.53	20696132.0
2021-01-19 00:00:00-05:00	197.83	204.01	194.21	201.28	2843217.0	32.55	32.58	30.5	31.65	18904497.0	231.07	231.59	223.25	227.25	6347656	56.39	56.8424	55.0	56.3	15758018.0
2021-01-20 00:00:00-05:00	203.21	206.47	196.33	199.4	2425641.0	31.56	32.98	30.76	32.04	12390200.0	230.12	230.88	225.5	226.65	5379761	57.0	57.98	55.47	56.39	14525432.0
2021-01-21 00:00:00-05:00	201.97	214.5	196.65	212.1	3405704.0	32.5	33.9	31.62	33.25	13459968.0	227.0	227.5	218.2001	219.62	10111147	56.57	57.0	55.3136	55.79	12363109.0
2021-01-22 00:00:00-05:00	208.18	213.55	204.7	212.31	2329180.0	33.11	34.45	32.3	34.29	12470267.0	219.0	222.91	217.71	222.88	6543001	55.25	55.47	54.01	54.34	15245337.0
2021-01-25 00:00:00-05:00	215.555	221.42	200.36	202.64	3162300.0	35.21	38.87	32.1511	36.0	30703539.0	225.0	225.94	209.75	216.63	10477966	54.5	54.52	49.65	54.3	40247115.0
2021-01-26 00:00:00-05:00	206.21	209.62	185.22	187.26	4780765.0	37.32	44.03	36.59	42.1	53513101.0	217.09	219.0	208.71	209.49	8899907	54.62	55.52	51.53	51.94	20726289.0
2021-01-27 00:00:00-05:00	180.0	190.9999	175.39	179.02	4187481.0	44.66	59.43	40.14	46.49	75327669.0	204.01	209.3503	197.7	202.3	10249410	49.97	50.86	47.15	48.08	31899724.0
2021-01-28 00:00:00-05:00	182.85	195.7	177.0	193.74	3237853.0	46.51	52.0	39.47	43.1	38558124.0	208.72	222.58	206.56	219.91	11771779	50.12	52.52	49.88	51.59	26767689.0
2021-01-29 00:00:00-05:00	191.5	194.9499	180.27	182.35	1813426.0	45.5	49.9	43.9	44.535	27767648.0	224.97	225.9	213.45	215.92	6728517	50.63	51.4899	50.265	50.95	12715458.0
2021-02-01 00:00:00-05:00	185.3	188.355	177.3494	186.2	2308780.0	47.17	57.2399	45.78	53.71	53066476.0	215.81	223.01	213.44	221.94	7628303	52.12	52.9	51.35	52.72	14722527.0
2021-02-02 00:00:00-05:00	189.84	194.31	186.66	192.63	2006954.0	58.59	58.6	47.3	48.573	37180697.0	225.19	230.2199	221.99	227.63	6167404	55.11	58.03	54.89	56.46	28592667.0
2021-02-03 00:00:00-05:00	196.1766	197.93	190.0	196.23	1587566.0	49.98	58.35	49.52	57.1704	39276542.0	228.5	234.57	221.88	227.76	4326056	57.87	58.13	56.74	57.115	12840822.0
2021-02-04 00:00:00-05:00	194.6	197.24	191.58	195.55	1449663.0	57.0	62.8	53.17	54.68	31719904.0	233.53	239.31	231.07	237.795	8062732	56.45	57.85	56.11	57.85	12418225.0
2021-02-05 00:00:00-05:00	196.98	196.99	190.5	193.2	1636568.0	55.15	55.4976	52.0012	54.28	13174015.0	238.0	240.57	235.27	240.38	4710459	58.16	58.7075	57.37	58.5722	15081235.0
2021-02-08 00:00:00-05:00	194.63	203.38	193.6	197.784	1861534.0	55.99	57.85	54.05	56.25	13667904.0	245.08	264.2669	244.0	259.82	16710846	59.7	60.11	58.69	59.31	17532877.0
2021-02-09 00:00:00-05:00	197.76	202.92	195.7028	200.18	2336049.0	56.06	56.81	54.42	56.7	8384897.0	256.58	262.57	250.55	258.13	9805175	58.91	61.06	58.62	59.6223	21478665.0
2021-02-10 00:00:00-05:00	214.0	229.04	200.6	201.97	6328363.0	55.9997	56.14	51.15	52.385	14201816.0	259.77	263.15	252.75	257.47	8006509	62.0	63.5	60.8	63.18	31703254.0
2021-02-11 00:00:00-05:00	205.5459	209.4237	197.26	198.84	2791302.0	52.68	60.67	51.5701	59.435	29245995.0	262.0	269.6651	258.5	265.87	9856880	63.25	64.05	60.395	60.6906	39777007.0
2021-02-12 00:00:00-05:00	196.0	208.95	193.6587	206.46	2210912.0	53.35	56.9	52.3	54.5201	19281766.0	265.15	273.84	262.5312	272.7501	6590846	60.12	60.93	59.315	60.63	14200279.0
2021-02-16 00:00:00-05:00	208.07	208.41	192.81	193.5	2731065.0	53.11	53.15	50.0	50.38	14676844.0	277.12	283.1898	272.3201	276.02	9044074	61.02	61.31	59.84	60.49	14302443.0
2021-02-17 00:00:00-05:00	190.02	191.5	181.52	189.36	3515251.0	49.69	49.98	46.64	49.53	12015995.0	274.37	274.47	260.76	271.09	10708030	60.33	60.95	58.95	60.81	11907392.0
2021-02-18 00:00:00-05:00	182.5	184.0	175.51	181.01	3502067.0	47.62	53.25	47.01	48.8	20738303.0	265.49	272.79	261.8525	270.85	7057492	60.0	60.29	58.23	58.99	13803082.0
2021-02-19 00:00:00-05:00	185.02	194.94	184.0	189.74	2280702.0	49.51	52.2431	49.24	51.13	8675500.0	275.12	280.9391	273.59	276.57	6981720	58.36	60.4572	58.113	58.42	23811204.0
2021-02-22 00:00:00-05:00	182.81	183.07	166.1244	167.87	4719602.0	49.22	50.7984	46.9	47.13	7488247.0	271.85	278.1	266.36	268.28	9277023	57.76	58.1	54.8157	55.31	24730806.0
2021-02-23 00:00:00-05:00	159.34	171.25	148.0	170.89	5133835.0	43.19	44.78	38.26	44.105	13308181.0	247.55	261.3	232.5	256.62	16979270	53.5	56.37	51.89	55.97	23362393.0
2021-02-24 00:00:00-05:00	170.66	183.25	163.1	180.62	3700227.0	45.27	46.17	42.9002	46.07	6140342.0	243.11	246.0	230.68	237.31	25580214	54.95	55.15	53.66	53.91	22207141.0
2021-02-25 00:00:00-05:00	179.41	181.0	166.0951	167.38	3985413.0	45.0	47.2	41.66	42.38	8512215.0	244.87	245.84	223.66	226.78	15294833	54.58	54.6	50.86	51.44	26632366.0
2021-02-26 00:00:00-05:00	168.0	177.43	163.51	176.06	2668248.0	35.75	39.44	35.0	37.15	18987051.0	226.32	232.78	217.4	230.2	13886312	52.07	52.75	50.61	51.81	14806313.0
2021-03-01 00:00:00-05:00	179.98	186.77	177.0	186.46	2521765.0	38.93	39.7	37.58	38.1299	8469937.0	238.11	241.7194	232.1001	241.0	8223285	53.67	54.76	53.3	54.39	17486253.0
2021-03-02 00:00:00-05:00	185.3	185.3	171.135	171.48	3161054.0	38.17	38.17	33.45	33.72	14393707.0	251.9	258.4899	246.47	252.15	16780734	55.54	55.62	54.1894	54.66	13980171.0
2021-03-03 00:00:00-05:00	171.39	173.79	160.93	161.1285	3826462.0	35.1	35.18	31.85	32.01	17374591.0	249.0	250.95	232.0064	233.96	11805493	55.93	57.8	54.65	56.11	27727032.0
2021-03-04 00:00:00-05:00	157.11	163.62	143.0	149.91	5450669.0	31.01	32.58	28.58	30.2723	16866092.0	228.76	232.63	210.0	218.39	18222743	55.75	57.16	51.61	53.08	25491669.0
2021-03-05 00:00:00-05:00	153.68	154.65	129.0	143.57	6446471.0	28.69	29.62	23.94	27.28	35380836.0	221.27	222.01	191.36	216.4399	24302104	54.28	55.83	50.81	55.51	30838022.0
2021-03-08 00:00:00-05:00	145.0	147.8564	131.47	132.04	4497926.0	27.31	29.62	26.3	26.511	14805460.0	217.71	221.63	201.0	201.8688	13074163	55.5	56.45	52.89	53.19	19490705.0
2021-03-09 00:00:00-05:00	141.0	150.83	139.5	148.6	4254292.0	28.32	30.7499	27.72	30.11	14208937.0	215.37	226.49	211.5	225.01	13603081	56.0	56.15	54.72	55.24	16592520.0
2021-03-10 00:00:00-05:00	158.01	162.7379	150.0901	152.43	4492016.0	32.94	33.41	29.92	30.57	15505315.0	231.61	237.92	223.205	226.8	11978612	57.21	58.9	56.27	57.69	27638250.0
2021-03-11 00:00:00-05:00	158.49	166.4	155.79	165.46	3510334.0	32.5	34.2	31.56	33.54	15421119.0	234.97	243.49	231.01	241.67	11261345	58.8	59.48	58.22	58.94	16461645.0
2021-03-12 00:00:00-05:00	157.5	166.25	153.1	164.83	2113825.0	32.54	34.7	32.05	34.54	9919872.0	232.0	242.22	230.05	242.1	8589232	58.97	60.59	57.62	60.35	13827856.0
2021-03-15 00:00:00-04:00	165.01	175.13	164.4	174.33	3129721.0	35.67	36.36	33.65	34.78	12519109.0	243.52	251.26	239.6171	251.17	8137950	60.35	60.53	59.12	60.15	13602417.0
2021-03-16 00:00:00-04:00	173.01	175.78	163.56	165.95	2228399.0	34.71	34.8	32.27	32.56	10203371.0	252.26	252.5	238.67	243.36	7219995	59.99	61.02	58.38	58.8536	11372264.0
2021-03-17 00:00:00-04:00	158.57	167.8276	153.09	163.82	3453498.0	31.86	34.12	31.21	33.71	11956701.0	235.0	248.68	232.75	246.41	8395600	57.07	57.57	55.54	56.36	24387579.0
2021-03-18 00:00:00-04:00	157.5	159.745	147.86	148.46	3237532.0	33.14	33.68	31.68	31.95	8667676.0	242.8	243.4	222.56	224.27	11969761	56.63	57.48	55.21	55.68	13843298.0
2021-03-19 00:00:00-04:00	151.57	156.75	147.55	155.13	3444754.0	31.82	33.24	30.9	33.09	6931180.0	227.19	229.4	219.52	224.84	10301386	55.48	57.18	54.34	57.08	12185314.0
2021-03-22 00:00:00-04:00	157.59	163.86	155.59	161.11	2301886.0	33.51	33.79	31.9801	32.24	6896820.0	225.24	230.18	221.74	226.12	6095000	57.25	57.61	55.47	55.69	10574155.0
2021-03-23 00:00:00-04:00	160.23	165.35	154.69	155.96	3006959.0	31.9	31.93	29.95	30.92	10488055.0	226.72	228.38	221.49	223.08	5194272	55.63	55.63	53.11	53.5	13494516.0
2021-03-24 00:00:00-04:00	157.7	159.0513	147.93	147.98	1893286.0	30.92	31.54	28.66	28.79	8626951.0	224.44	225.9	212.155	213.53	8706774	54.46	54.96	52.54	52.5699	12959195.0
2021-03-25 00:00:00-04:00	141.22	148.74	136.88	148.42	3599429.0	27.98	29.9484	27.58	29.5	8239428.0	204.45	211.96	202.1	208.47	12377829	52.0	54.28	51.8	53.89	12447132.0
2021-03-26 00:00:00-04:00	148.07	153.0	144.5241	152.07	1761463.0	29.69	30.53	28.37	29.61	5573972.0	209.32	216.79	203.96	213.61	8065073	54.41	55.25	53.52	54.71	9740345.0
2021-03-29 00:00:00-04:00	148.97	152.24	139.69	142.14	2640284.0	30.87	30.95	28.73	29.22	10666354.0	212.16	214.39	202.93	207.1	9078382	54.8	54.8	52.85	53.33	9228137.0
2021-03-30 00:00:00-04:00	139.79	150.89	138.06	150.76	2322041.0	28.99	30.38	28.38	30.07	7730868.0	204.88	214.3	202.83	212.79	9279595	53.08	54.12	52.64	53.44	8759167.0
2021-03-31 00:00:00-04:00	155.87	164.87	154.58	162.15	2564977.0	30.29	31.725	30.155	30.6	8069559.0	218.41	232.76	218.41	226.935	13678689	54.1	55.18	53.58	54.52	12706870.0
2021-04-01 00:00:00-04:00	169.1178	172.39	162.25	162.67	2441240.0	31.19	31.743	30.16	30.75	6141205.0	231.63	236.46	227.57	229.51	8744145	55.58	57.63	54.81	57.61	17668582.0
2021-04-05 00:00:00-04:00	165.14	165.57	148.8	149.42	3448288.0	31.01	31.31	28.78	29.61	9753042.0	231.87	233.32	224.1	229.8601	6798709	58.12	58.42	56.64	57.4	12622266.0
2021-04-06 00:00:00-04:00	151.21	161.17	151.01	158.02	2472025.0	29.39	31.0	29.31	30.75	6637008.0	230.1	238.5	228.0801	236.58	8376531	57.39	58.99	57.16	58.03	12834809.0
2021-04-07 00:00:00-04:00	156.08	157.68	149.225	149.99	1969498.0	30.46	30.9	28.98	29.24	7987133.0	237.51	249.9	236.0	245.0	16513112	58.02	58.13	55.95	56.88	11995716.0
2021-04-08 00:00:00-04:00	152.2	156.095	151.38	153.14	1891895.0	29.06	29.47	28.5	29.27	6224585.0	248.77	258.59	248.82	258.32	15041863	56.65	57.94	56.54	57.82	8883411.0
2021-04-09 00:00:00-04:00	150.0	152.52	147.25	151.38	1876787.0	28.9	29.4299	28.792	29.3	3413040.0	255.63	265.3	253.68	261.65	14318285	57.29	57.88	55.86	57.68	9448981.0
2021-04-12 00:00:00-04:00	151.19	152.34	146.055	151.87	1419196.0	28.91	28.93	26.46	26.77	15049069.0	258.19	266.96	255.85	265.2	8732883	59.05	60.77	58.75	59.4	34302267.0
2021-04-13 00:00:00-04:00	150.93	153.53	147.58	153.1	1394536.0	26.97	27.57	26.47	26.85	10872624.0	266.87	275.45	266.9	273.1182	9919903	59.68	61.01	58.53	60.65	18986000.0
2021-04-14 00:00:00-04:00	152.48	157.1	150.92	151.74	1543315.0	27.12	27.59	26.39	26.68	8736233.0	274.19	278.13	256.575	258.34	12016791	60.1	61.5	59.18	59.21	17352391.0
2021-04-15 00:00:00-04:00	155.55	155.65	142.42	145.84	2580023.0	25.05	25.46	22.62	23.055	31875496.0	263.2	268.4142	260.74	263.145	8581854	59.88	61.09	59.5501	60.74	15996198.0
2021-04-16 00:00:00-04:00	144.87	151.06	144.84	150.09	1921297.0	23.12	24.05	22.86	23.3399	11959689.0	263.0	263.44	254.669	256.11	8205743	60.74	60.85	59.54	60.34	10842186.0
2021-04-19 00:00:00-04:00	147.35	153.6	139.27	141.25	2612654.0	23.66	23.63	21.55	22.55	16657676.0	250.22	253.3	242.58	245.14	9004925	60.0	60.2201	57.52	57.85	14552287.0
2021-04-20 00:00:00-04:00	141.96	147.75	140.85	147.03	2525607.0	20.6	21.46	20.2101	20.97	17883797.0	248.06	253.0	243.68	245.575	12151286	58.04	58.12	55.249	55.49	17632216.0
2021-04-21 00:00:00-04:00	144.08	155.36	142.0201	155.07	2461235.0	20.65	22.3456	20.16	22.24	11264471.0	243.11	251.4817	240.3401	245.43	9613070	55.08	56.2	54.61	55.77	10722928.0
2021-04-22 00:00:00-04:00	160.18	167.23	159.01	160.99	3569852.0	22.5	23.1	21.5	21.71	8054642.0	246.09	255.805	242.71	245.2	12377032	55.85	57.2189	55.19	56.3008	15262687.0
2021-04-23 00:00:00-04:00	163.19	168.26	162.0	166.88	2049047.0	21.88	22.42	21.72	22.13	5079047.0	243.18	247.5703	240.3401	246.38	8078887	56.59	57.95	56.39	57.94	7407498.0
2021-04-26 00:00:00-04:00	167.54	174.09	164.9	172.81	2285218.0	22.58	23.49	21.87	23.19	7653969.0	248.15	256.97	246.3	255.71	8103022	58.02	58.36	57.33	57.62	7619669.0
2021-04-27 00:00:00-04:00	173.23	175.74	169.1	171.38	2034686.0	23.35	23.88	22.65	23.54	11930170.0	256.96	260.81	253.4	253.91	5987726	58.32	58.4	57.05	57.13	12173488.0
2021-04-28 00:00:00-04:00	150.5	152.99	144.55	146.9	12187158.0	23.44	23.63	22.8601	23.47	5916904.0	253.03	258.97	249.4	254.22	5779504	57.0	58.48	56.66	58.425	8771117.0
2021-04-29 00:00:00-04:00	148.35	149.5761	140.08	143.37	4738218.0	23.4	23.54	21.98	22.58	10379962.0	257.28	259.88	245.01	247.76	6312897	59.0	59.22	53.11	54.94	42532150.0
2021-04-30 00:00:00-04:00	140.52	144.3399	139.11	139.25	3183498.0	22.05	22.76	21.83	22.16	5703498.0	244.15	249.9599	243.39	245.0	4893364	54.46	55.65	54.11	54.8	14747787.0
2021-05-03 00:00:00-04:00	140.0	140.385	134.7285	136.42	3524641.0	21.75	21.7222	20.01	20.146	13009836.0	246.6	249.4194	241.79	243.52	4829050	55.1	56.13	54.84	54.86	13018365.0
2021-05-04 00:00:00-04:00	133.7	134.93	124.16	127.83	6299368.0	19.98	21.55	19.16	20.79	15800806.0	239.03	240.19	228.6191	231.18	8799752	54.61	54.72	52.01	53.0	17945626.0
2021-05-05 00:00:00-04:00	130.2383	130.6941	124.96	126.9278	3232660.0	20.42	20.75	19.82	19.93	8537514.0	237.22	240.2	229.8	231.76	6252933	53.89	54.07	50.63	51.21	37442053.0
2021-05-06 00:00:00-04:00	123.61	125.942	117.66	121.95	4774091.0	19.96	20.0	18.68	19.18	13971366.0	235.21	235.36	216.7	224.03	12777622	48.38	49.81	45.72	46.64	76814692.0
2021-05-07 00:00:00-04:00	124.17	127.8099	121.35	123.06	2946194.0	19.08	19.8886	19.05	19.61	9056798.0	240.08	241.6994	231.1793	233.05	13946036	47.22	48.6	46.5346	47.02	26603769.0
2021-05-10 00:00:00-04:00	121.98	121.7148	116.92	118.12	3034920.0	19.62	19.59	17.85	17.97	14433401.0	230.38	230.0	216.01	216.43	12590719	47.71	47.85	45.6	45.8	23574488.0
2021-05-11 00:00:00-04:00	111.03	122.85	108.88	121.59	3578492.0	14.52	18.2	14.27	18.11	32007214.0	206.04	221.78	205.69	220.66	12931900	44.66	46.79	44.182	46.2	27262117.0
2021-05-12 00:00:00-04:00	117.09	120.7	115.96	117.18	3598966.0	17.38	17.72	15.9108	16.08	17646319.0	215.42	218.76	205.6	206.55	11123964	45.91	46.105	43.17	43.82	29605763.0
2021-05-13 00:00:00-04:00	119.04	121.25	112.32	114.61	4170265.0	16.22	16.94	15.05	15.5	13263111.0	208.29	211.5	192.29	197.185	20502817	44.99	46.1	43.5601	44.5	35111616.0
2021-05-14 00:00:00-04:00	116.68	120.14	114.61	119.715	2310968.0	15.74	16.52	15.53	16.17	10909323.0	202.47	208.3	198.17	207.85	10304705	45.08	47.71	44.85	47.415	24053659.0
2021-05-17 00:00:00-04:00	119.03	119.68	114.23	118.42	2716628.0	16.15	16.93	15.79	16.63	11748608.0	205.0	205.0	195.55	202.91	11515930	47.24	47.94	46.51	47.47	16836066.0
2021-05-18 00:00:00-04:00	119.0797	126.21	117.5	122.5	3296199.0	16.73	17.91	16.331	17.25	12170249.0	201.95	209.73	199.729	203.15	9687507	49.7	50.29	48.525	49.16	26312711.0
2021-05-19 00:00:00-04:00	119.91	130.8	119.2	130.68	4169409.0	16.52	17.27	15.86	17.26	10733685.0	193.75	200.85	192.21	200.15	15579615	47.66	49.83	47.37	49.46	15727493.0
2021-05-20 00:00:00-04:00	131.95	142.62	131.88	141.83	4908065.0	20.58	21.6299	18.7	19.8092	81875541.0	202.32	206.69	202.2	204.9	7826808	49.58	49.95	48.76	49.33	16883597.0
2021-05-21 00:00:00-04:00	143.21	144.9981	139.59	142.25	3245925.0	20.49	21.75	19.68	21.05	48262193.0	207.0	208.9	199.62	200.025	8698461	49.57	49.95	48.76	48.83	17985375.0
2021-05-24 00:00:00-04:00	143.59	145.08	138.93	140.87	2161744.0	25.31	27.7173	23.52	26.9	119089450.0	202.09	212.8	197.3	210.87	12541745	49.31	50.4	48.85	50.03	15502279.0
2021-05-25 00:00:00-04:00	142.29	143.11	136.16	138.53	2498159.0	25.43	26.34	24.7	25.59	40424839.0	212.12	219.09	211.77	216.04	13978255	50.74	51.59	50.44	50.45	14870775.0
2021-05-26 00:00:00-04:00	139.5	144.36	139.05	143.08	2505962.0	25.82	27.75	25.6	26.99	37166566.0	218.05	223.83	215.8	222.07	11125427	50.42	51.36	49.76	51.11	13757691.0
2021-05-27 00:00:00-04:00	143.24	145.5	141.66	142.39	1856698.0	27.34	32.07	26.6	31.09	46963627.0	222.38	223.39	217.66	220.9	7454702	51.44	51.69	48.72	50.975	25409025.0
2021-05-28 00:00:00-04:00	143.25	146.76	142.21	143.01	2003431.0	31.32	35.04	30.73	31.2	51499808.0	221.77	225.9	221.65	222.61	6399776	50.7	51.74	50.47	50.824	13181925.0
2021-06-01 00:00:00-04:00	144.5	146.378	137.23	139.44	2186126.0	30.05	30.61	28.12	28.93	30949452.0	223.39	227.065	218.577	221.91	6589267	51.64	51.66	49.84	50.98	13201507.0
